STATION,DATE,PRESSURE,MAXTEMP,MINTEMP,AVGTEMP,HUMIDITY,WINDDIRECTION,SPEED,RAINFALL,DEWPOINT,,,,,,,,,,
KYAUKPHYU,1/1/2015,1020,30.5,22,26.25,62,0,0,0,19.1,,,,,,,,,,
KYAUKPHYU,1/2/2015,1022.5,31.5,22,26.75,83,3,1,0,21.9,,,,,,,,,,
KYAUKPHYU,1/3/2015,1022.5,31,21,26,83,0,0,0,22.9,,,,,,,,,,
KYAUKPHYU,1/4/2015,1020,30.5,22.5,26.5,84,0,0,0,24,,,,,,,,,,
KYAUKPHYU,1/5/2015,1018.5,30,22.5,26.25,82,15,1,0,22.9,,,,,,,,,,
KYAUKPHYU,1/6/2015,1019,28.3,22,25.15,74,15,2,0,19.1,,,,,,,,,,
KYAUKPHYU,1/7/2015,1019,28,17.5,22.75,83,0,0,0,20.9,,,,,,,,,,
KYAUKPHYU,1/8/2015,1019.5,28,17.5,22.75,82,0,0,0,19.8,,,,,,,,,,
KYAUKPHYU,1/9/2015,1020.5,27.5,17.5,22.5,65,15,3,0,16.3,,,,,,,,,,
KYAUKPHYU,1/10/2015,1021,27,18,22.5,73,3,1,0,17.3,,,,,,,,,,
KYAUKPHYU,1/11/2015,1021,29,16,22.5,85,3,1,0,16.8,,,,,,,,,,
KYAUKPHYU,1/12/2015,1021,29.5,16.5,23,74,3,3,0,18.1,,,,,,,,,,
KYAUKPHYU,1/13/2015,1020,30,18,24,60,3,2,0,16.7,,,,,,,,,,
KYAUKPHYU,1/14/2015,1021,31.3,21,26.15,74,3,1,0,19.1,,,,,,,,,,
KYAUKPHYU,1/15/2015,1022.5,26,19.5,22.75,91,3,2,17,19.5,,,,,,,,,,
KYAUKPHYU,1/16/2015,1021,23.5,19.3,21.4,91,3,2,10,20.5,,,,,,,,,,
KYAUKPHYU,1/17/2015,1020,26,19,22.5,91,3,2,53,20.5,,,,,,,,,,
KYAUKPHYU,1/18/2015,1020,26.3,20,23.15,91,0,0,128,21.4,,,,,,,,,,
KYAUKPHYU,1/19/2015,1022,26.7,18.5,22.6,74,15,1,0,18.1,,,,,,,,,,
KYAUKPHYU,1/20/2015,1022.5,26.5,18.7,22.6,73,3,2,0,17.3,,,,,,,,,,
KYAUKPHYU,1/21/2015,1025.5,28,19,23.5,82,0,0,0,19.8,,,,,,,,,,
KYAUKPHYU,1/22/2015,1021,29.5,20,24.75,92,0,0,0,22.6,,,,,,,,,,
KYAUKPHYU,1/23/2015,1022,27,21,24,82,3,1,0,19.8,,,,,,,,,,
KYAUKPHYU,1/24/2015,1022,28,16,22,82,3,1,0,15.5,,,,,,,,,,
KYAUKPHYU,1/25/2015,1022.5,29,17.5,23.25,82,0,0,0,18.5,,,,,,,,,,
KYAUKPHYU,1/26/2015,1022.5,29,16.5,22.75,91,0,0,0,21.4,,,,,,,,,,
KYAUKPHYU,1/27/2015,1020.5,30.5,17,23.75,82,3,1,0,19.8,,,,,,,,,,
KYAUKPHYU,1/28/2015,1019.5,30,17,23.5,82,0,0,0,19.8,,,,,,,,,,
KYAUKPHYU,1/29/2015,1019.5,32,17,24.5,91,0,0,0,21.4,,,,,,,,,,
KYAUKPHYU,1/30/2015,1020.8,30,17,23.5,91,0,0,0,21.4,,,,,,,,,,
KYAUKPHYU,1/31/2015,1022,28.5,17,22.75,91,15,1,0,21.4,,,,,,,,,,
KYAUKPHYU,2/1/2015,1021.5,27,19,23,82,15,2,0,18.5,,,,,,,,,,
KYAUKPHYU,2/2/2015,1023,28,14.2,21.1,91,0,0,0,19.5,,,,,,,,,,
KYAUKPHYU,2/3/2015,1024.5,28.5,15,21.75,82,3,1,0,18.5,,,,,,,,,,
KYAUKPHYU,2/4/2015,1023.5,28,14,21,91,0,0,0,20,,,,,,,,,,
KYAUKPHYU,2/5/2015,1022.5,31,16,23.5,82,0,0,0,18.5,,,,,,,,,,
KYAUKPHYU,2/6/2015,1021.5,30.5,16,23.25,82,0,0,0,18.5,,,,,,,,,,
KYAUKPHYU,2/7/2015,1022,28,15.5,21.75,91,0,0,0,19.5,,,,,,,,,,
KYAUKPHYU,2/8/2015,1021,29,16.5,22.75,91,0,0,0,20.5,,,,,,,,,,
KYAUKPHYU,2/9/2015,1022,30.5,16,23.25,82,0,0,0,19.8,,,,,,,,,,
KYAUKPHYU,2/10/2015,1022.5,29.5,17,23.25,91,0,0,0,19.5,,,,,,,,,,
KYAUKPHYU,2/11/2015,1020,29.7,18.5,24.1,83,0,0,0,20.9,,,,,,,,,,
KYAUKPHYU,2/12/2015,1020,28.5,19,23.75,66,15,1,0,17.4,,,,,,,,,,
KYAUKPHYU,2/13/2015,1019,28,19,23.5,82,3,1,0,19.8,,,,,,,,,,
KYAUKPHYU,2/14/2015,1019,28.3,20,24.15,82,0,0,0,19.8,,,,,,,,,,
KYAUKPHYU,2/15/2015,1019.5,28,17,22.5,91,0,0,0,20.5,,,,,,,,,,
KYAUKPHYU,2/16/2015,1021,29.5,17.5,23.5,82,0,0,0,19.8,,,,,,,,,,
KYAUKPHYU,2/17/2015,1019,30,20,25,83,0,0,0,20.9,,,,,,,,,,
KYAUKPHYU,2/18/2015,1019,30.3,17.5,23.9,91,0,0,0,21.4,,,,,,,,,,
KYAUKPHYU,2/19/2015,1019.5,29,19.5,24.25,91,0,0,0,21.4,,,,,,,,,,
KYAUKPHYU,2/20/2015,1020.5,31,19,25,92,0,0,0,22.6,,,,,,,,,,
KYAUKPHYU,2/21/2015,1019,31,18,24.5,92,0,0,0,22.6,,,,,,,,,,
KYAUKPHYU,2/22/2015,1020,30.2,18,24.1,91,0,0,0,21.4,,,,,,,,,,
KYAUKPHYU,2/23/2015,1020,30.2,19.5,24.85,83,3,1,0,22.9,,,,,,,,,,
KYAUKPHYU,2/24/2015,1019,31,19.5,25.25,83,0,0,0,20.9,,,,,,,,,,
KYAUKPHYU,2/25/2015,1018,30,18.5,24.25,91,0,0,0,21.4,,,,,,,,,,
KYAUKPHYU,2/26/2015,1017.5,29.5,19.5,24.5,92,0,0,0,23.3,,,,,,,,,,
KYAUKPHYU,2/27/2015,1018.7,29.5,19.5,24.5,92,0,0,0,23.3,,,,,,,,,,
KYAUKPHYU,2/28/2015,1020,29.5,21,25.25,83,15,1,0,22.9,,,,,,,,,,
KYAUKPHYU,3/1/2015,1019.5,32,19.5,25.75,92,0,0,0,23.3,,,,,,,,,,
KYAUKPHYU,3/2/2015,1019,31.5,20,25.75,92,0,0,0,23.3,,,,,,,,,,
KYAUKPHYU,3/3/2015,1018,31.5,20.5,26,85,0,0,0,24,,,,,,,,,,
KYAUKPHYU,3/4/2015,1018,31,19,25,84,15,1,0,24,,,,,,,,,,
KYAUKPHYU,3/5/2015,1020,30.5,21.5,26,84,15,1,0,25,,,,,,,,,,
KYAUKPHYU,3/6/2015,1020,30.5,22.5,26.5,79,15,3,0,22.6,,,,,,,,,,
KYAUKPHYU,3/7/2015,1018.5,32,22,27,54,15,4,0,16,,,,,,,,,,
KYAUKPHYU,3/8/2015,1019.5,32.5,21.5,27,76,17,1,0,21.5,,,,,,,,,,
KYAUKPHYU,3/9/2015,1020,32.5,18,25.25,76,0,0,0,20.5,,,,,,,,,,
KYAUKPHYU,3/10/2015,1019.5,32.5,18,25.25,92,0,0,0,23.3,,,,,,,,,,
KYAUKPHYU,3/11/2015,1021,33,19.5,26.25,83,0,0,0,22.9,,,,,,,,,,
KYAUKPHYU,3/12/2015,1020.5,32.5,19,25.75,76,0,0,0,20.5,,,,,,,,,,
KYAUKPHYU,3/13/2015,1019.5,32,18.5,25.25,76,0,0,0,20.5,,,,,,,,,,
KYAUKPHYU,3/14/2015,1021.5,31.6,20,25.8,83,15,1,0,22.9,,,,,,,,,,
KYAUKPHYU,3/15/2015,1022,33,21.5,27.25,92,0,0,0,24.6,,,,,,,,,,
KYAUKPHYU,3/16/2015,1020.5,36,22,29,92,0,0,0,25.6,,,,,,,,,,
KYAUKPHYU,3/17/2015,1018.5,35.5,20,27.75,84,0,0,0,24,,,,,,,,,,
KYAUKPHYU,3/18/2015,1017,35,21,28,77,15,1,0,22.6,,,,,,,,,,
KYAUKPHYU,3/19/2015,1018,35.5,23,29.25,84,0,0,0,25,,,,,,,,,,
KYAUKPHYU,3/20/2015,1019,34.5,21,27.75,70,3,1,0,22,,,,,,,,,,
KYAUKPHYU,3/21/2015,1018.5,33,20,26.5,83,0,0,0,22.9,,,,,,,,,,
KYAUKPHYU,3/22/2015,1018,32.5,19.5,26,83,0,0,0,22.9,,,,,,,,,,
KYAUKPHYU,3/23/2015,1017.5,31,21,26,84,15,1,0,24,,,,,,,,,,
KYAUKPHYU,3/24/2015,1019,30.5,20.5,25.5,84,0,0,0,24,,,,,,,,,,
KYAUKPHYU,3/25/2015,1020.5,31,21,26,84,0,0,0,24,,,,,,,,,,
KYAUKPHYU,3/26/2015,1023,33,23,28,79,15,1,0,24.8,,,,,,,,,,
KYAUKPHYU,3/27/2015,1023,33,24,28.5,70,0,0,0,22.5,,,,,,,,,,
KYAUKPHYU,3/28/2015,1021.5,32.7,24,28.35,85,3,1,0,25.9,,,,,,,,,,
KYAUKPHYU,3/29/2015,1020.5,32.2,24,28.1,85,3,1,0,25.9,,,,,,,,,,
KYAUKPHYU,3/30/2015,1020,32.3,23,27.65,79,15,2,0,24.8,,,,,,,,,,
KYAUKPHYU,3/31/2015,1019,32,24,28,71,13,3,0,25.3,,,,,,,,,,
KYAUKPHYU,4/1/2015,1019,32.2,23,27.6,70,3,1,0,23,,,,,,,,,,
KYAUKPHYU,4/2/2015,1018,33,24,28.5,79,15,2,0,24.8,,,,,,,,,,
KYAUKPHYU,4/3/2015,1016.5,32,24.5,28.25,79,15,1,0,25.3,,,,,,,,,,
KYAUKPHYU,4/4/2015,1014,33,24,28.5,85,3,2,0,25.9,,,,,,,,,,
KYAUKPHYU,4/5/2015,1015.5,33,24,28.5,79,15,2,0,25.3,,,,,,,,,,
KYAUKPHYU,4/6/2015,1016.5,32.5,24.5,28.5,85,15,2,0,25.9,,,,,,,,,,
KYAUKPHYU,4/7/2015,1017.5,33.3,24,28.65,79,15,2,0,24.8,,,,,,,,,,
KYAUKPHYU,4/8/2015,1017.5,36,26.5,31.25,78,15,2,0,26.7,,,,,,,,,,
KYAUKPHYU,4/9/2015,1017,33.7,25.3,29.5,79,15,2,0,25.3,,,,,,,,,,
KYAUKPHYU,4/10/2015,1019,34,24.5,29.25,79,15,1,0,24.8,,,,,,,,,,
KYAUKPHYU,4/11/2015,1019.5,33.2,25.5,29.35,79,15,2,0,25.3,,,,,,,,,,
KYAUKPHYU,4/12/2015,1020.5,34.5,26.5,30.5,79,15,2,0,25.3,,,,,,,,,,
KYAUKPHYU,4/13/2015,1021,34.5,26,30.25,71,15,2,0,25.4,,,,,,,,,,
KYAUKPHYU,4/14/2015,1019.5,34,25.5,29.75,85,17,1,0,26.6,,,,,,,,,,
KYAUKPHYU,4/15/2015,1020,34.2,25.5,29.85,79,3,2,0,25.3,,,,,,,,,,
KYAUKPHYU,4/16/2015,1020.5,33.5,26,29.75,78,15,3,0,26.7,,,,,,,,,,
KYAUKPHYU,4/17/2015,1018,34,27,30.5,85,0,0,0,26.6,,,,,,,,,,
KYAUKPHYU,4/18/2015,1017,35,27,31,78,15,3,0,26.7,,,,,,,,,,
KYAUKPHYU,4/19/2015,1018,34.3,26,30.15,78,15,2,0,26.7,,,,,,,,,,
KYAUKPHYU,4/20/2015,1019,34.2,27,30.6,71,15,3,0,25.4,,,,,,,,,,
KYAUKPHYU,4/21/2015,1018.5,34.5,27,30.75,72,15,3,0,26.5,,,,,,,,,,
KYAUKPHYU,4/22/2015,1018,32.7,25,28.85,84,11,1,1,24,,,,,,,,,,
KYAUKPHYU,4/23/2015,1019,30.6,26,28.3,78,15,2,1,26.7,,,,,,,,,,
KYAUKPHYU,4/24/2015,1021.2,29,24,26.5,92,15,5,3,23.3,,,,,,,,,,
KYAUKPHYU,4/25/2015,1019,33,22,27.5,70,3,2,2,23,,,,,,,,,,
KYAUKPHYU,4/26/2015,1019.5,32.6,24,28.3,79,15,2,0,24.8,,,,,,,,,,
KYAUKPHYU,4/27/2015,1019.5,33,26,29.5,71,15,2,0,25.4,,,,,,,,,,
KYAUKPHYU,4/28/2015,1018.5,32.5,26.5,29.5,71,3,3,0,23.9,,,,,,,,,,
KYAUKPHYU,4/29/2015,1017.5,32.5,26,29.25,71,5,3,0,25.4,,,,,,,,,,
KYAUKPHYU,4/30/2015,1018.5,33.5,26,29.75,71,3,2,0,25.4,,,,,,,,,,
KYAUKPHYU,5/1/2015,1017.8,33.3,26,29.65,66,15,2,0,24.8,,,,,,,,,,
KYAUKPHYU,5/2/2015,1019.5,33.6,26.5,30.05,79,3,2,0,25.3,,,,,,,,,,
KYAUKPHYU,5/3/2015,1018.5,34,28,31,66,15,2,0,24.8,,,,,,,,,,
KYAUKPHYU,5/4/2015,1018,34.5,28.5,31.5,71,15,3,0,25.4,,,,,,,,,,
KYAUKPHYU,5/5/2015,1016,34.5,28.5,31.5,72,3,2,0,26.5,,,,,,,,,,
KYAUKPHYU,5/6/2015,1015.5,33.7,28,30.85,78,15,3,0,26.7,,,,,,,,,,
KYAUKPHYU,5/7/2015,1016,34.2,28,31.1,71,15,3,0,25.4,,,,,,,,,,
KYAUKPHYU,5/8/2015,1015.5,34.7,27,30.85,71,15,1,0,25.4,,,,,,,,,,
KYAUKPHYU,5/9/2015,1016,34.5,28,31.25,71,15,2,0,25.4,,,,,,,,,,
KYAUKPHYU,5/10/2015,1015,34.5,27.5,31,100,15,1,6,28,,,,,,,,,,
KYAUKPHYU,5/11/2015,1016.5,34.7,28.5,31.6,78,15,1,0,26.7,,,,,,,,,,
KYAUKPHYU,5/12/2015,1016,34.5,28,31.25,73,15,2,0,27.5,,,,,,,,,,
KYAUKPHYU,5/13/2015,1016.3,35,27,31,80,15,3,0,28.1,,,,,,,,,,
KYAUKPHYU,5/14/2015,1017.5,35,27.5,31.25,66,15,3,0,25.8,,,,,,,,,,
KYAUKPHYU,5/15/2015,1018.5,35.7,27.5,31.6,66,15,3,0,25.8,,,,,,,,,,
KYAUKPHYU,5/16/2015,1016,35,27.3,31.15,72,15,3,0,26.5,,,,,,,,,,
KYAUKPHYU,5/17/2015,1014.8,35.3,27,31.15,72,15,1,0,26.5,,,,,,,,,,
KYAUKPHYU,5/18/2015,1014.5,32.2,24.5,28.35,100,0,0,38,26,,,,,,,,,,
KYAUKPHYU,5/19/2015,1011.5,28,24.3,26.15,100,7,3,53,25,,,,,,,,,,
KYAUKPHYU,5/20/2015,1011,32.5,25,28.75,93,3,1,45,26.8,,,,,,,,,,
KYAUKPHYU,5/21/2015,1011.2,33.5,26.5,30,85,11,2,2,28.2,,,,,,,,,,
KYAUKPHYU,5/22/2015,1011.8,34.2,26.5,30.35,85,7,1,29,26.6,,,,,,,,,,
KYAUKPHYU,5/23/2015,1013,32,24.5,28.25,100,11,2,68,25.8,,,,,,,,,,
KYAUKPHYU,5/24/2015,1013.5,30.5,26,28.25,85,11,2,0,26.6,,,,,,,,,,
KYAUKPHYU,5/25/2015,1013.5,32.5,24,28.25,93,11,1,22,26.8,,,,,,,,,,
KYAUKPHYU,5/26/2015,1014,32.6,27,29.8,85,7,2,0,28.2,,,,,,,,,,
KYAUKPHYU,5/27/2015,1015,33.5,27,30.25,85,7,1,0,28.3,,,,,,,,,,
KYAUKPHYU,5/28/2015,1013.5,33.5,27,30.25,78,15,2,0,26.7,,,,,,,,,,
KYAUKPHYU,5/29/2015,1014.5,34.5,27,30.75,80,11,2,0,28.1,,,,,,,,,,
KYAUKPHYU,5/30/2015,1015.5,33.5,27.2,30.35,86,15,2,6,26.6,,,,,,,,,,
KYAUKPHYU,5/31/2015,1015,33.5,26,29.75,85,11,1,4,28.2,,,,,,,,,,
KYAUKPHYU,6/1/2015,1013.5,33,26.5,29.75,85,13,2,8,25.9,,,,,,,,,,
KYAUKPHYU,6/2/2015,1015,34.2,27,30.6,80,0,0,2,28.1,,,,,,,,,,
KYAUKPHYU,6/3/2015,1015,34.2,27,30.6,72,15,1,0,26.5,,,,,,,,,,
KYAUKPHYU,6/4/2015,1015.5,34.5,27,30.75,80,11,1,0,28.1,,,,,,,,,,
KYAUKPHYU,6/5/2015,1015,32.5,26.5,29.5,85,11,2,0,28.2,,,,,,,,,,
KYAUKPHYU,6/6/2015,1014,31.5,25.5,28.5,93,0,0,22,27.4,,,,,,,,,,
KYAUKPHYU,6/7/2015,1014,30,26.5,28.25,85,11,5,10,26.6,,,,,,,,,,
KYAUKPHYU,6/8/2015,1015,31.5,25.5,28.5,100,11,2,41,26,,,,,,,,,,
KYAUKPHYU,6/9/2015,1015,28.3,24,26.15,100,0,0,89,25,,,,,,,,,,
KYAUKPHYU,6/10/2015,1014,30.5,24,27.25,100,0,0,88,24.5,,,,,,,,,,
KYAUKPHYU,6/11/2015,1014,29,24.8,26.9,100,11,1,18,26.5,,,,,,,,,,
KYAUKPHYU,6/12/2015,1013.5,31,25,28,93,11,2,21,26.8,,,,,,,,,,
KYAUKPHYU,6/13/2015,1013.5,31.2,25.5,28.35,93,11,2,25,26.8,,,,,,,,,,
KYAUKPHYU,6/14/2015,1012,28,25,26.5,93,11,3,11,27.4,,,,,,,,,,
KYAUKPHYU,6/15/2015,1011.5,28.5,24.5,26.5,100,11,1,69,27,,,,,,,,,,
KYAUKPHYU,6/16/2015,1012,29.5,24.5,27,93,11,2,17,26.8,,,,,,,,,,
KYAUKPHYU,6/17/2015,1010.5,30,25,27.5,85,3,2,17,25.9,,,,,,,,,,
KYAUKPHYU,6/18/2015,1010,31.5,25.5,28.5,79,9,4,2,25.3,,,,,,,,,,
KYAUKPHYU,6/19/2015,1009.5,31.5,25,28.25,93,11,3,19,26.8,,,,,,,,,,
KYAUKPHYU,6/20/2015,1010.5,30.2,25,27.6,93,9,3,17,26.8,,,,,,,,,,
KYAUKPHYU,6/21/2015,1011.5,28.5,24.5,26.5,100,9,3,62,25,,,,,,,,,,
KYAUKPHYU,6/22/2015,1010.5,28,25,26.5,100,11,1,66,26.5,,,,,,,,,,
KYAUKPHYU,6/23/2015,1009.5,29,25,27,100,11,5,15,28,,,,,,,,,,
KYAUKPHYU,6/24/2015,1010.5,29.5,25,27.25,93,11,4,48,26.8,,,,,,,,,,
KYAUKPHYU,6/25/2015,1006.5,28.3,24.5,26.4,93,11,8,125,26.8,,,,,,,,,,
KYAUKPHYU,6/26/2015,1006,27.5,24.5,26,100,11,5,355,26,,,,,,,,,,
KYAUKPHYU,6/27/2015,1006,27.5,24,25.75,100,11,2,198,24.5,,,,,,,,,,
KYAUKPHYU,6/28/2015,1014,27.6,23.7,25.65,100,15,1,89,24.8,,,,,,,,,,
KYAUKPHYU,6/29/2015,1017,28,25,26.5,100,11,3,19,26.3,,,,,,,,,,
KYAUKPHYU,6/30/2015,1016.3,27.5,23.3,25.4,100,13,4,26,24.5,,,,,,,,,,
KYAUKPHYU,7/1/2015,1015,28.5,24.5,26.5,100,11,2,28,25.6,,,,,,,,,,
KYAUKPHYU,7/2/2015,1014.3,29.5,25,27.25,93,11,2,32,27.4,,,,,,,,,,
KYAUKPHYU,7/3/2015,1013.3,29.5,25.5,27.5,100,11,3,121,27.5,,,,,,,,,,
KYAUKPHYU,7/4/2015,1010.5,30,25,27.5,100,11,1,12,27,,,,,,,,,,
KYAUKPHYU,7/5/2015,1008.2,31,25,28,100,11,1,75,28,,,,,,,,,,
KYAUKPHYU,7/6/2015,1008,29.5,24.7,27.1,92,11,1,0,25.6,,,,,,,,,,
KYAUKPHYU,7/7/2015,1006.5,28.5,25,26.75,100,11,4,42,26,,,,,,,,,,
KYAUKPHYU,7/8/2015,1008,28,24.5,26.25,100,11,2,109,27.5,,,,,,,,,,
KYAUKPHYU,7/9/2015,1011.5,29.7,24.5,27.1,93,11,4,28,27.4,,,,,,,,,,
KYAUKPHYU,7/10/2015,1011.5,32,25,28.5,93,9,1,17,27.4,,,,,,,,,,
KYAUKPHYU,7/11/2015,1012.5,31,25.2,28.1,85,11,2,0,26.6,,,,,,,,,,
KYAUKPHYU,7/12/2015,1011.3,31.5,25,28.25,85,11,2,12,25.9,,,,,,,,,,
KYAUKPHYU,7/13/2015,1011,32.5,25.3,28.9,93,0,0,12,27.4,,,,,,,,,,
KYAUKPHYU,7/14/2015,1009.5,32.5,26,29.25,85,11,4,2,26.6,,,,,,,,,,
KYAUKPHYU,7/15/2015,1008.5,30,25.5,27.75,93,13,2,32,26.8,,,,,,,,,,
KYAUKPHYU,7/16/2015,1007.5,29.5,24.5,27,100,11,1,103,27,,,,,,,,,,
KYAUKPHYU,7/17/2015,1007.5,30,25,27.5,100,11,1,41,26.8,,,,,,,,,,
KYAUKPHYU,7/18/2015,1010,28.6,24.5,26.55,100,11,3,62,25,,,,,,,,,,
KYAUKPHYU,7/19/2015,1009.5,31,25,28,93,11,1,16,27.4,,,,,,,,,,
KYAUKPHYU,7/20/2015,1009.5,29.5,24,26.75,100,11,2,54,25.5,,,,,,,,,,
KYAUKPHYU,7/21/2015,1010,29,25,27,93,9,2,10,27.4,,,,,,,,,,
KYAUKPHYU,7/22/2015,1014,31,24,27.5,93,11,1,8,26.8,,,,,,,,,,
KYAUKPHYU,7/23/2015,1015,31.5,25,28.25,92,11,1,45,25.8,,,,,,,,,,
KYAUKPHYU,7/24/2015,1016,28,25,26.5,100,13,5,53,25.3,,,,,,,,,,
KYAUKPHYU,7/25/2015,1013,27,23,25,100,9,2,83,25.5,,,,,,,,,,
KYAUKPHYU,7/26/2015,1010.5,28.3,23.5,25.9,100,11,1,139,24,,,,,,,,,,
KYAUKPHYU,7/27/2015,1009.5,28.3,23,25.65,100,11,4,80,25.5,,,,,,,,,,
KYAUKPHYU,7/28/2015,1009,27.5,24,25.75,100,11,3,49,25.8,,,,,,,,,,
KYAUKPHYU,7/29/2015,1007.5,27,24,25.5,100,11,7,158,25,,,,,,,,,,
KYAUKPHYU,7/30/2015,1007.2,26.5,23,24.75,100,11,23,228,24,,,,,,,,,,
KYAUKPHYU,7/31/2015,1009.5,26.5,23,24.75,100,11,5,157,24.5,,,,,,,,,,
KYAUKPHYU,8/1/2015,1012.5,28,24.5,26.25,100,11,2,77,26.5,,,,,,,,,,
KYAUKPHYU,8/2/2015,1014,28.5,25,26.75,100,11,2,25,25.5,,,,,,,,,,
KYAUKPHYU,8/3/2015,1013.3,30.8,24.5,27.65,100,11,1,32,27,,,,,,,,,,
KYAUKPHYU,8/4/2015,1012,30,24.5,27.25,100,11,2,43,27,,,,,,,,,,
KYAUKPHYU,8/5/2015,1011.8,31,24.8,27.9,100,11,1,12,27,,,,,,,,,,
KYAUKPHYU,8/6/2015,1009.5,31,25,28,85,11,2,0,26.6,,,,,,,,,,
KYAUKPHYU,8/7/2015,1010,31.3,25,28.15,93,13,1,6,27.4,,,,,,,,,,
KYAUKPHYU,8/8/2015,1011,31,24,27.5,93,11,1,8,26.8,,,,,,,,,,
KYAUKPHYU,8/9/2015,1009.7,31.5,25,28.25,85,7,2,0,26.6,,,,,,,,,,
KYAUKPHYU,8/10/2015,1009.8,32.5,25,28.75,85,7,2,2,23.2,,,,,,,,,,
KYAUKPHYU,8/11/2015,1012.3,32.6,25.5,29.05,85,7,2,0,24.8,,,,,,,,,,
KYAUKPHYU,8/12/2015,1014,32.5,25.5,29,85,9,1,2,26.6,,,,,,,,,,
KYAUKPHYU,8/13/2015,1013.7,31.5,25.5,28.5,85,7,3,0,26.6,,,,,,,,,,
KYAUKPHYU,8/14/2015,1014.5,31,26,28.5,93,11,1,12,28.2,,,,,,,,,,
KYAUKPHYU,8/15/2015,1016,30.2,24,27.1,100,11,1,44,26.3,,,,,,,,,,
KYAUKPHYU,8/16/2015,1016.5,30,25,27.5,93,11,2,22,26.3,,,,,,,,,,
KYAUKPHYU,8/17/2015,1016.5,27.3,24,25.65,100,11,2,102,25,,,,,,,,,,
KYAUKPHYU,8/18/2015,1017,30.8,25,27.9,100,11,4,14,26.5,,,,,,,,,,
KYAUKPHYU,8/19/2015,1016.5,29.8,24.5,27.15,100,0,0,50,27.5,,,,,,,,,,
KYAUKPHYU,8/20/2015,1015.5,27.8,24.5,26.15,100,7,3,199,25.5,,,,,,,,,,
KYAUKPHYU,8/21/2015,1012.5,27.5,25,26.25,100,0,0,45,26.5,,,,,,,,,,
KYAUKPHYU,8/22/2015,1010.5,30,24,27,100,11,1,39,27,,,,,,,,,,
KYAUKPHYU,8/23/2015,1011,31.2,24.5,27.85,100,9,1,10,27.2,,,,,,,,,,
KYAUKPHYU,8/24/2015,1011.5,30.3,24.6,27.45,100,11,1,21,26,,,,,,,,,,
KYAUKPHYU,8/25/2015,1010.5,31.5,25,28.25,93,9,2,8,27.4,,,,,,,,,,
KYAUKPHYU,8/26/2015,1011,32,25,28.5,85,9,4,31,25.9,,,,,,,,,,
KYAUKPHYU,8/27/2015,1014.5,31,24.5,27.75,100,11,4,16,25,,,,,,,,,,
KYAUKPHYU,8/28/2015,1015.5,31.5,25,28.25,100,13,1,24,26.5,,,,,,,,,,
KYAUKPHYU,8/29/2015,1014.5,32,23.5,27.75,92,11,2,37,26.8,,,,,,,,,,
KYAUKPHYU,8/30/2015,1014.5,30.5,25,27.75,100,11,2,27,26.5,,,,,,,,,,
KYAUKPHYU,8/31/2015,1015.8,32,25,28.5,100,11,2,33,27.6,,,,,,,,,,
KYAUKPHYU,9/1/2015,1013.5,28,24.8,26.4,100,11,8,10,26,,,,,,,,,,
KYAUKPHYU,9/2/2015,1013,28,25,26.5,92,11,8,12,25.6,,,,,,,,,,
KYAUKPHYU,9/3/2015,1014.5,30,25.5,27.75,92,11,6,24,26.8,,,,,,,,,,
KYAUKPHYU,9/4/2015,1017.3,30.3,22.5,26.4,100,0,0,62,23.8,,,,,,,,,,
KYAUKPHYU,9/5/2015,1016.5,33,25,29,93,11,1,3,27.4,,,,,,,,,,
KYAUKPHYU,9/6/2015,1016.5,31.5,24,27.75,92,9,1,43,25.6,,,,,,,,,,
KYAUKPHYU,9/7/2015,1015,31.5,23.5,27.5,85,11,4,12,25.9,,,,,,,,,,
KYAUKPHYU,9/8/2015,1014,32,25,28.5,85,7,1,4,25.9,,,,,,,,,,
KYAUKPHYU,9/9/2015,1013,32.5,24.5,28.5,93,11,2,18,27.4,,,,,,,,,,
KYAUKPHYU,9/10/2015,1015,33.5,25,29.25,85,7,1,17,26.5,,,,,,,,,,
KYAUKPHYU,9/11/2015,1016,33,25.5,29.25,85,11,2,0,28.7,,,,,,,,,,
KYAUKPHYU,9/12/2015,1015,33,25.5,29.25,71,0,0,8,23.4,,,,,,,,,,
KYAUKPHYU,9/13/2015,1015,33,25,29,85,11,2,25,26.6,,,,,,,,,,
KYAUKPHYU,9/14/2015,1015,31.5,25.3,28.4,93,7,2,14,26.8,,,,,,,,,,
KYAUKPHYU,9/15/2015,1014,30.5,25,27.75,85,7,3,12,26.6,,,,,,,,,,
KYAUKPHYU,9/16/2015,1013,33,26,29.5,85,3,4,3,26.6,,,,,,,,,,
KYAUKPHYU,9/17/2015,1012,33.5,25.5,29.5,85,13,2,2,25.9,,,,,,,,,,
KYAUKPHYU,9/18/2015,1012,33,23.5,28.25,93,0,0,18,27.4,,,,,,,,,,
KYAUKPHYU,9/19/2015,1015,27,24,25.5,100,9,2,55,24.6,,,,,,,,,,
KYAUKPHYU,9/20/2015,1016,32.5,24.5,28.5,93,7,3,25,26.8,,,,,,,,,,
KYAUKPHYU,9/21/2015,1016.5,31,25.5,28.25,100,11,1,44,26,,,,,,,,,,
KYAUKPHYU,9/22/2015,1016,32.5,25.3,28.9,93,13,3,18,27.4,,,,,,,,,,
KYAUKPHYU,9/23/2015,1016.5,32.5,25.5,29,85,13,2,0,21.6,,,,,,,,,,
KYAUKPHYU,9/24/2015,1014.3,33,26,29.5,85,11,3,4,25.9,,,,,,,,,,
KYAUKPHYU,9/25/2015,1013,32.5,25,28.75,85,7,1,2,26.6,,,,,,,,,,
KYAUKPHYU,9/26/2015,1014,33,25,29,93,15,2,20,29.4,,,,,,,,,,
KYAUKPHYU,9/27/2015,1014,33,26,29.5,85,15,1,4,26.6,,,,,,,,,,
KYAUKPHYU,9/28/2015,1015,34,25.8,29.9,85,0,0,0,28.2,,,,,,,,,,
KYAUKPHYU,9/29/2015,1015,34,26,30,85,15,2,0,28.2,,,,,,,,,,
KYAUKPHYU,9/30/2015,1017,34.5,26.3,30.4,80,13,1,0,28.1,,,,,,,,,,
KYAUKPHYU,10/1/2015,1019.5,34,27,30.5,85,0,0,0,28.2,,,,,,,,,,
KYAUKPHYU,10/2/2015,1019,33,26,29.5,85,15,1,0,26.6,,,,,,,,,,
KYAUKPHYU,10/3/2015,1017,33.6,26.3,29.95,79,15,1,0,26.7,,,,,,,,,,
KYAUKPHYU,10/4/2015,1016.5,34.5,26.2,30.35,85,0,0,0,28.2,,,,,,,,,,
KYAUKPHYU,10/5/2015,1017,32,25,28.5,85,11,1,3,26.6,,,,,,,,,,
KYAUKPHYU,10/6/2015,1016,32.5,25,28.75,93,11,2,24,26.8,,,,,,,,,,
KYAUKPHYU,10/7/2015,1016,31,24,27.5,100,9,1,73,26,,,,,,,,,,
KYAUKPHYU,10/8/2015,1015.8,29,24.5,26.75,100,9,2,44,27,,,,,,,,,,
KYAUKPHYU,10/9/2015,1013.5,29,24,26.5,100,11,4,57,26,,,,,,,,,,
KYAUKPHYU,10/10/2015,1015.5,29.5,24,26.75,98,7,2,26,25.6,,,,,,,,,,
KYAUKPHYU,10/11/2015,1017,32,24.5,28.25,93,11,2,0,26.8,,,,,,,,,,
KYAUKPHYU,10/12/2015,1018,28,25,26.5,92,11,2,1,24.6,,,,,,,,,,
KYAUKPHYU,10/13/2015,1019,31,21.5,26.25,100,7,3,130,25,,,,,,,,,,
KYAUKPHYU,10/14/2015,1021,33,22.5,27.75,83,5,1,0,22.9,,,,,,,,,,
KYAUKPHYU,10/15/2015,1020.5,32,23,27.5,84,5,2,0,25,,,,,,,,,,
KYAUKPHYU,10/16/2015,1021,33,23,28,85,15,1,0,25.9,,,,,,,,,,
KYAUKPHYU,10/17/2015,1020.5,33,24.8,28.9,85,15,1,0,26.6,,,,,,,,,,
KYAUKPHYU,10/18/2015,1020,33.8,25,29.4,85,15,1,0,25.9,,,,,,,,,,
KYAUKPHYU,10/19/2015,1019.5,33,24,28.5,85,15,3,0,26.6,,,,,,,,,,
KYAUKPHYU,10/20/2015,1018,33,24.5,28.75,85,15,3,0,26.6,,,,,,,,,,
KYAUKPHYU,10/21/2015,1018,33.5,23.5,28.5,85,15,2,0,25.9,,,,,,,,,,
KYAUKPHYU,10/22/2015,1018.7,33.5,23.5,28.5,85,15,2,0,25.9,,,,,,,,,,
KYAUKPHYU,10/23/2015,1018.2,33.5,24,28.75,85,15,1,0,25.9,,,,,,,,,,
KYAUKPHYU,10/24/2015,1018.8,33.5,23.6,28.55,85,15,2,0,25.9,,,,,,,,,,
KYAUKPHYU,10/25/2015,1020,33.5,24,28.75,85,15,2,0,26.6,,,,,,,,,,
KYAUKPHYU,10/26/2015,1020.5,33.5,24,28.75,85,3,2,0,26.6,,,,,,,,,,
KYAUKPHYU,10/27/2015,1019.8,33.5,24,28.75,85,15,2,0,26.6,,,,,,,,,,
KYAUKPHYU,10/28/2015,1020.5,33.5,24.5,29,85,15,2,0,25.9,,,,,,,,,,
KYAUKPHYU,10/29/2015,1021.5,31,25,28,85,3,2,0,25.9,,,,,,,,,,
KYAUKPHYU,10/30/2015,1021.8,27,24.5,25.75,92,3,2,6,25.6,,,,,,,,,,
KYAUKPHYU,10/31/2015,1012.5,26.8,24,25.4,77,3,3,1,22.6,,,,,,,,,,
KYAUKPHYU,11/1/2015,1020.5,26,22.5,24.25,83,3,2,0,22.9,,,,,,,,,,
KYAUKPHYU,11/2/2015,1021,28,23,25.5,83,3,4,3,22.9,,,,,,,,,,
KYAUKPHYU,11/3/2015,1021,31.5,24,27.75,83,15,4,0,22.9,,,,,,,,,,
KYAUKPHYU,11/4/2015,1020.5,32.8,23,27.9,84,15,2,0,25,,,,,,,,,,
KYAUKPHYU,11/5/2015,1020.3,33.5,23,28.25,88,3,2,0,25.9,,,,,,,,,,
KYAUKPHYU,11/6/2015,1019,33.8,23.8,28.8,84,15,4,0,25,,,,,,,,,,
KYAUKPHYU,11/7/2015,1020,33,24,28.5,79,3,6,0,24.8,,,,,,,,,,
KYAUKPHYU,11/8/2015,1021,33.5,24,28.75,80,3,4,0,24.2,,,,,,,,,,
KYAUKPHYU,11/9/2015,1020.5,34,23,28.5,84,3,4,0,25,,,,,,,,,,
KYAUKPHYU,11/10/2015,1019,32.8,25.5,29.15,79,15,2,0,24.8,,,,,,,,,,
KYAUKPHYU,11/11/2015,1019,30,25,27.5,88,3,4,3,25.6,,,,,,,,,,
KYAUKPHYU,11/12/2015,1020,31.5,25.5,28.5,85,15,6,0,28.8,,,,,,,,,,
KYAUKPHYU,11/13/2015,1020,33,24.5,28.75,79,15,4,0,25.3,,,,,,,,,,
KYAUKPHYU,11/14/2015,1019.5,33,24.5,28.75,85,15,4,0,25.9,,,,,,,,,,
KYAUKPHYU,11/15/2015,1019,32,24,28,85,3,4,0,25.9,,,,,,,,,,
KYAUKPHYU,11/16/2015,1018.5,31,23.5,27.25,77,15,4,0,23.3,,,,,,,,,,
KYAUKPHYU,11/17/2015,1018.5,32.5,22.5,27.5,80,3,2,0,23.3,,,,,,,,,,
KYAUKPHYU,11/18/2015,1020,31,22.5,26.75,84,15,4,0,24,,,,,,,,,,
KYAUKPHYU,11/19/2015,1020,31,24.5,27.75,84,15,4,0,24,,,,,,,,,,
KYAUKPHYU,11/20/2015,1020.5,33.5,22.5,28,70,3,4,0,22,,,,,,,,,,
KYAUKPHYU,11/21/2015,1020.3,33.2,22.3,27.75,77,15,4,0,23.3,,,,,,,,,,
KYAUKPHYU,11/22/2015,1020,34.5,23,28.75,84,15,4,0,25,,,,,,,,,,
KYAUKPHYU,11/23/2015,1021,33,22.5,27.75,77,3,4,0,23.3,,,,,,,,,,
KYAUKPHYU,11/24/2015,1020.5,32,22,27,69,15,4,0,21.1,,,,,,,,,,
KYAUKPHYU,11/25/2015,1020,32,21.5,26.75,69,3,4,0,21.1,,,,,,,,,,
KYAUKPHYU,11/26/2015,1020,32.5,21.5,27,73,3,4,0,21.8,,,,,,,,,,
KYAUKPHYU,11/27/2015,1019,32,20,26,76,15,4,0,21.5,,,,,,,,,,
KYAUKPHYU,11/28/2015,1021.5,30.5,22,26.25,77,15,6,0,23.3,,,,,,,,,,
KYAUKPHYU,11/29/2015,1022.5,32.5,23,27.75,77,3,4,0,23.3,,,,,,,,,,
KYAUKPHYU,11/30/2015,1022.5,33,23.5,28.25,81,15,4,0,25,,,,,,,,,,
KYAUKPHYU,12/1/2015,1020.5,32,22,27,92,15,4,0,25.1,,,,,,,,,,
KYAUKPHYU,12/2/2015,1020.3,32,20,26,92,3,4,0,24.6,,,,,,,,,,
KYAUKPHYU,12/3/2015,1020.5,25,23.5,24.25,84,15,6,0,24,,,,,,,,,,
KYAUKPHYU,12/4/2015,1021.5,30,21.5,25.75,83,0,0,2,26.9,,,,,,,,,,
KYAUKPHYU,12/5/2015,1021.5,32,18.5,25.25,83,3,6,0,21.9,,,,,,,,,,
KYAUKPHYU,12/6/2015,1021,31.5,18.7,25.1,67,15,2,0,18.6,,,,,,,,,,
KYAUKPHYU,12/7/2015,1021.5,29.5,18.5,24,76,15,4,0,20.5,,,,,,,,,,
KYAUKPHYU,12/8/2015,1022,30.5,19,24.75,83,3,4,0,20.9,,,,,,,,,,
KYAUKPHYU,12/9/2015,1022,31,20,25.5,83,15,4,0,21.9,,,,,,,,,,
KYAUKPHYU,12/10/2015,1021,29.5,19.3,24.4,83,15,2,0,20.9,,,,,,,,,,
KYAUKPHYU,12/11/2015,1019.5,29.5,18.5,24,88,3,4,0,21.8,,,,,,,,,,
KYAUKPHYU,12/12/2015,1019.5,30,18,24,83,15,2,0,20.9,,,,,,,,,,
KYAUKPHYU,12/13/2015,1019.5,31,18.5,24.75,83,17,2,0,21.9,,,,,,,,,,
KYAUKPHYU,12/14/2015,1020.5,31,20.5,25.75,83,3,4,0,22.9,,,,,,,,,,
KYAUKPHYU,12/15/2015,1019.5,29,21.5,25.25,83,15,4,0,21.9,,,,,,,,,,
KYAUKPHYU,12/16/2015,1021,30,21.5,25.75,83,15,4,0,21.9,,,,,,,,,,
KYAUKPHYU,12/17/2015,1021.5,29,18,23.5,91,15,4,0,21.4,,,,,,,,,,
KYAUKPHYU,12/18/2015,1021.5,26.5,17,21.75,82,15,4,0,19.8,,,,,,,,,,
KYAUKPHYU,12/19/2015,1023.3,26,21.5,23.75,76,3,2,0,20.5,,,,,,,,,,
KYAUKPHYU,12/20/2015,1023.7,28,19,23.5,91,3,6,3,20.5,,,,,,,,,,
KYAUKPHYU,12/21/2015,1022.5,28,16,22,82,15,4,0,18.5,,,,,,,,,,
KYAUKPHYU,12/22/2015,1024,30.5,18.5,24.5,82,15,4,0,14.8,,,,,,,,,,
KYAUKPHYU,12/23/2015,1022.5,31,19,25,76,15,6,0,20.5,,,,,,,,,,
KYAUKPHYU,12/24/2015,1022.5,31,18.5,24.75,88,3,4,0,20.9,,,,,,,,,,
KYAUKPHYU,12/25/2015,1021.8,31,20.5,25.75,76,15,6,0,20.5,,,,,,,,,,
KYAUKPHYU,12/26/2015,1021.8,30.2,20.5,25.35,92,15,4,0,22.6,,,,,,,,,,
KYAUKPHYU,12/27/2015,1022.5,29,20,24.5,83,15,6,0,20.9,,,,,,,,,,
KYAUKPHYU,12/28/2015,1025.2,29,19,24,78,3,6,0,19,,,,,,,,,,
KYAUKPHYU,12/29/2015,1024,27,19.2,23.1,82,15,4,0,18.5,,,,,,,,,,
KYAUKPHYU,12/30/2015,1022.5,27.5,19.3,23.4,82,0,0,0,16.8,,,,,,,,,,
KYAUKPHYU,12/31/2015,1023.5,30,15,22.5,91,3,4,0,19.5,,,,,,,,,,
KYAUKPHYU,1/1/2016,1025,30,19.5,24.75,82,15,2,0,19.8,,,,,,,,,,
KYAUKPHYU,1/2/2016,1024,30,17,23.5,91,15,4,0,21.4,,,,,,,,,,
KYAUKPHYU,1/3/2016,1023.5,29.5,15,22.25,91,3,4,0,20.5,,,,,,,,,,
KYAUKPHYU,1/4/2016,1023.5,29.5,15.5,22.5,91,15,2,0,18.5,,,,,,,,,,
KYAUKPHYU,1/5/2016,1023,29,15.5,22.25,82,3,2,0,17.5,,,,,,,,,,
KYAUKPHYU,1/6/2016,1022.2,31,15.5,23.25,91,15,2,0,19.5,,,,,,,,,,
KYAUKPHYU,1/7/2016,1023,28,15.5,21.75,82,15,2,0,17.5,,,,,,,,,,
KYAUKPHYU,1/8/2016,1022.3,28.5,15.5,22,91,0,0,0,19.5,,,,,,,,,,
KYAUKPHYU,1/9/2016,1021,29,18,23.5,82,3,4,0,17.5,,,,,,,,,,
KYAUKPHYU,1/10/2016,1023,30,16,23,91,15,2,0,20.5,,,,,,,,,,
KYAUKPHYU,1/11/2016,1022.3,29.5,19,24.25,73,15,4,0,17.3,,,,,,,,,,
KYAUKPHYU,1/12/2016,1021.5,28.5,17.8,23.15,82,3,4,0,18.5,,,,,,,,,,
KYAUKPHYU,1/13/2016,1020,29,16.3,22.65,82,15,4,0,18.5,,,,,,,,,,
KYAUKPHYU,1/14/2016,1021,28,16.5,22.25,82,3,2,0,18.5,,,,,,,,,,
KYAUKPHYU,1/15/2016,1018.5,28,17.5,22.75,82,3,4,0,17.5,,,,,,,,,,
KYAUKPHYU,1/16/2016,1018,29.5,15,22.25,82,15,4,0,16.8,,,,,,,,,,
KYAUKPHYU,1/17/2016,1019,29,16,22.5,65,15,4,0,15.6,,,,,,,,,,
KYAUKPHYU,1/18/2016,1019.5,28.5,14,21.25,82,3,1,0,16.8,,,,,,,,,,
KYAUKPHYU,1/19/2016,1019.5,29.5,16.5,23,82,15,2,0,17.5,,,,,,,,,,
KYAUKPHYU,1/20/2016,1020,30.5,15,22.75,82,15,2,0,18.5,,,,,,,,,,
KYAUKPHYU,1/21/2016,1020.5,30,16.5,23.25,91,0,0,0,20.5,,,,,,,,,,
KYAUKPHYU,1/22/2016,1021.3,28,19.5,23.75,74,15,4,0,19.1,,,,,,,,,,
KYAUKPHYU,1/23/2016,1022,28,19.7,23.85,74,15,8,0,18.1,,,,,,,,,,
KYAUKPHYU,1/24/2016,1025,27.5,16.5,22,73,15,4,0,16,,,,,,,,,,
KYAUKPHYU,1/25/2016,1021,29,17,23,82,15,4,0,17.5,,,,,,,,,,
KYAUKPHYU,1/26/2016,1020.5,28,15,21.5,82,15,4,0,17.5,,,,,,,,,,
KYAUKPHYU,1/27/2016,1021.5,27,12.5,19.75,86,3,4,0,17.6,,,,,,,,,,
KYAUKPHYU,1/28/2016,1020.5,25,13.5,19.25,72,3,4,0,13.9,,,,,,,,,,
KYAUKPHYU,1/29/2016,1022.5,29,16,22.5,82,15,4,0,18.5,,,,,,,,,,
KYAUKPHYU,1/30/2016,1021,28,19,23.5,91,15,4,0,20.5,,,,,,,,,,
KYAUKPHYU,1/31/2016,1021,29,16,22.5,91,0,0,0,19.5,,,,,,,,,,
KYAUKPHYU,2/1/2016,1022.2,30,17,23.5,82,15,2,0,19.8,,,,,,,,,,
KYAUKPHYU,2/2/2016,1022,31,19,25,91,15,4,0,20.5,,,,,,,,,,
KYAUKPHYU,2/3/2016,1020.5,32.5,17,24.75,82,15,4,0,18.5,,,,,,,,,,
KYAUKPHYU,2/4/2016,1021.5,32,18.5,25.25,77,15,4,0,18.1,,,,,,,,,,
KYAUKPHYU,2/5/2016,1020.5,32,17,24.5,74,3,4,0,18.1,,,,,,,,,,
KYAUKPHYU,2/6/2016,1019.5,31,15,23,82,15,4,0,20.5,,,,,,,,,,
KYAUKPHYU,2/7/2016,1021,30.5,14,22.25,82,15,2,0,19.8,,,,,,,,,,
KYAUKPHYU,2/8/2016,1022.5,31,18.5,24.75,82,3,4,0,19.8,,,,,,,,,,
KYAUKPHYU,2/9/2016,1021,30,17.5,23.75,91,15,4,0,21.4,,,,,,,,,,
KYAUKPHYU,2/10/2016,1020.5,30,19,24.5,91,0,0,0,21.4,,,,,,,,,,
KYAUKPHYU,2/11/2016,1017.8,30,19,24.5,92,7,4,0,22.6,,,,,,,,,,
KYAUKPHYU,2/12/2016,1019.5,30.5,19.5,25,92,0,0,0,22.6,,,,,,,,,,
KYAUKPHYU,2/13/2016,1020,31,20,25.5,83,15,2,0,21.9,,,,,,,,,,
KYAUKPHYU,2/14/2016,1020,31.5,18.5,25,83,15,4,0,20.9,,,,,,,,,,
KYAUKPHYU,2/15/2016,1021,32,18.6,25.3,83,0,0,0,20.9,,,,,,,,,,
KYAUKPHYU,2/16/2016,1022,33.7,18.5,26.1,92,15,4,0,22.6,,,,,,,,,,
KYAUKPHYU,2/17/2016,1022,35.5,18.5,27,92,15,4,0,22.6,,,,,,,,,,
KYAUKPHYU,2/18/2016,1021,34,20,27,76,15,4,0,21.5,,,,,,,,,,
KYAUKPHYU,2/19/2016,1022,33.5,21,27.25,92,0,0,0,24.6,,,,,,,,,,
KYAUKPHYU,2/20/2016,1022,33,20,26.5,92,0,0,0,23.3,,,,,,,,,,
KYAUKPHYU,2/21/2016,1019.3,31,20.5,25.75,92,0,0,0,24.6,,,,,,,,,,
KYAUKPHYU,2/22/2016,1022,32,20,26,92,7,4,0,24.6,,,,,,,,,,
KYAUKPHYU,2/23/2016,1022,31,20.3,25.65,92,15,2,0,24.6,,,,,,,,,,
KYAUKPHYU,2/24/2016,1021.5,32,20.7,26.35,83,15,2,0,22.9,,,,,,,,,,
KYAUKPHYU,2/25/2016,1022.5,32,20.3,26.15,92,3,4,0,24.6,,,,,,,,,,
KYAUKPHYU,2/26/2016,1023.8,32.7,20.5,26.6,83,15,4,0,22.9,,,,,,,,,,
KYAUKPHYU,2/27/2016,1023.5,30,21,25.5,77,15,4,0,22.6,,,,,,,,,,
KYAUKPHYU,2/28/2016,1025,33,22,27.5,83,15,4,0,22.9,,,,,,,,,,
KYAUKPHYU,2/29/2016,1024.5,33.5,22,27.75,83,15,2,0,22.9,,,,,,,,,,
KYAUKPHYU,3/1/2016,1022.2,33.5,20,26.75,92,15,4,0,23.3,,,,,,,,,,
KYAUKPHYU,3/2/2016,1022,33.2,20,26.6,92,15,2,0,24.6,,,,,,,,,,
KYAUKPHYU,3/3/2016,1022.3,34,20.5,27.25,92,3,2,0,24.6,,,,,,,,,,
KYAUKPHYU,3/4/2016,1020.5,32.5,20.5,26.5,83,0,0,0,22.9,,,,,,,,,,
KYAUKPHYU,3/5/2016,1019,32,22,27,84,15,4,0,24,,,,,,,,,,
KYAUKPHYU,3/6/2016,1019.3,34.2,21.8,28,84,15,2,0,24,,,,,,,,,,
KYAUKPHYU,3/7/2016,1019,33.5,22.5,28,92,15,2,0,25.6,,,,,,,,,,
KYAUKPHYU,3/8/2016,1018.5,33.5,24,28.75,93,15,4,0,26.8,,,,,,,,,,
KYAUKPHYU,3/9/2016,1018,33.5,23,28.25,93,3,2,0,26.8,,,,,,,,,,
KYAUKPHYU,3/10/2016,1019.7,35,24.5,29.75,84,15,4,0,25,,,,,,,,,,
KYAUKPHYU,3/11/2016,1019.8,33,24,28.5,84,15,2,0,25,,,,,,,,,,
KYAUKPHYU,3/12/2016,1018,32.7,23,27.85,93,0,0,0,26.8,,,,,,,,,,
KYAUKPHYU,3/13/2016,1019.5,33.2,25,29.1,85,15,4,0,25.9,,,,,,,,,,
KYAUKPHYU,3/14/2016,1019.5,33,25,29,93,15,2,0,26.8,,,,,,,,,,
KYAUKPHYU,3/15/2016,1018,34.5,23,28.75,84,3,2,0,25,,,,,,,,,,
KYAUKPHYU,3/16/2016,1019,33.5,23,28.25,64,15,6,0,21.5,,,,,,,,,,
KYAUKPHYU,3/17/2016,1019.5,33.5,25.5,29.5,85,15,4,0,25.9,,,,,,,,,,
KYAUKPHYU,3/18/2016,1018.5,35.5,25,30.25,79,15,4,0,25.3,,,,,,,,,,
KYAUKPHYU,3/19/2016,1017.5,34,23,28.5,79,0,0,0,24.8,,,,,,,,,,
KYAUKPHYU,3/20/2016,1018.5,34,24.5,29.25,85,15,2,0,25.9,,,,,,,,,,
KYAUKPHYU,3/21/2016,1017.5,34,26.5,30.25,85,15,2,0,25.9,,,,,,,,,,
KYAUKPHYU,3/22/2016,1016.5,34,24,29,85,7,4,0,26.6,,,,,,,,,,
KYAUKPHYU,3/23/2016,1018,33.5,25.5,29.5,79,15,4,0,25.3,,,,,,,,,,
KYAUKPHYU,3/24/2016,1020.5,33.5,25,29.25,79,15,4,0,25.3,,,,,,,,,,
KYAUKPHYU,3/25/2016,1020.5,34.5,24.5,29.5,79,3,4,0,25.3,,,,,,,,,,
KYAUKPHYU,3/26/2016,1020.3,34,23.5,28.75,93,15,4,0,27.4,,,,,,,,,,
KYAUKPHYU,3/27/2016,1021.8,33,23.8,28.4,70,15,4,0,23,,,,,,,,,,
KYAUKPHYU,3/28/2016,1021.8,32.5,21,26.75,84,15,4,0,25,,,,,,,,,,
KYAUKPHYU,3/29/2016,1022.5,33,22.5,27.75,77,15,4,0,23.3,,,,,,,,,,
KYAUKPHYU,3/30/2016,1021,34,23,28.5,77,15,4,0,23.3,,,,,,,,,,
KYAUKPHYU,3/31/2016,1020.8,33,23,28,79,3,4,0,25.3,,,,,,,,,,
KYAUKPHYU,4/1/2016,1018,28,23.7,25.85,79,15,4,0,26.7,,,,,,,,,,
KYAUKPHYU,4/2/2016,1018.8,33,21.7,27.35,77,15,2,0,23.3,,,,,,,,,,
KYAUKPHYU,4/3/2016,1020.5,34,24.5,29.25,79,3,4,0,25.3,,,,,,,,,,
KYAUKPHYU,4/4/2016,1019,33,24.5,28.75,79,15,4,0,25.3,,,,,,,,,,
KYAUKPHYU,4/5/2016,1018.3,34,23.5,28.75,96,7,4,0,25.3,,,,,,,,,,
KYAUKPHYU,4/6/2016,1018.8,34,25.5,29.75,85,15,4,0,26.6,,,,,,,,,,
KYAUKPHYU,4/7/2016,1018.3,34,25.5,29.75,79,15,4,0,26.7,,,,,,,,,,
KYAUKPHYU,4/8/2016,1018.2,34.5,26,30.25,79,15,6,0,26.7,,,,,,,,,,
KYAUKPHYU,4/9/2016,1018,34.5,25.2,29.85,79,15,4,0,26.7,,,,,,,,,,
KYAUKPHYU,4/10/2016,1018.8,34.5,24.5,29.5,85,13,2,0,26.6,,,,,,,,,,
KYAUKPHYU,4/11/2016,1017.5,34.5,25,29.75,85,3,4,0,26.6,,,,,,,,,,
KYAUKPHYU,4/12/2016,1015.5,34,26,30,79,15,6,0,26.7,,,,,,,,,,
KYAUKPHYU,4/13/2016,1015,34.2,26,30.1,71,15,6,0,25.4,,,,,,,,,,
KYAUKPHYU,4/14/2016,1016.5,34.5,25,29.75,71,7,4,0,25.4,,,,,,,,,,
KYAUKPHYU,4/15/2016,1018,35,26,30.5,71,15,4,0,25.4,,,,,,,,,,
KYAUKPHYU,4/16/2016,1017,34.5,26,30.25,71,15,4,0,25.4,,,,,,,,,,
KYAUKPHYU,4/17/2016,1017,34.5,24.5,29.5,79,3,4,0,26.7,,,,,,,,,,
KYAUKPHYU,4/18/2016,1018.5,35,25.6,30.3,71,13,4,0,25.4,,,,,,,,,,
KYAUKPHYU,4/19/2016,1018,35,26.5,30.75,80,15,2,0,28.1,,,,,,,,,,
KYAUKPHYU,4/20/2016,1019.2,34,25,29.5,79,15,4,0,25.3,,,,,,,,,,
KYAUKPHYU,4/21/2016,1017.5,34.5,25.5,30,66,17,2,0,24.5,,,,,,,,,,
KYAUKPHYU,4/22/2016,1017,35,26.2,30.6,66,15,4,0,24.5,,,,,,,,,,
KYAUKPHYU,4/23/2016,1014.5,35,26,30.5,66,11,10,0,25.8,,,,,,,,,,
KYAUKPHYU,4/24/2016,1014,33,26.5,29.75,73,11,8,0,27.5,,,,,,,,,,
KYAUKPHYU,4/25/2016,1016.5,34,26,30,66,11,8,0,25.8,,,,,,,,,,
KYAUKPHYU,4/26/2016,1019,35,27,31,80,17,4,0,28.1,,,,,,,,,,
KYAUKPHYU,4/27/2016,1017,35,28,31.5,86,15,4,0,24.5,,,,,,,,,,
KYAUKPHYU,4/28/2016,1015.5,35,27.5,31.25,74,15,6,0,26.5,,,,,,,,,,
KYAUKPHYU,4/29/2016,1017,35,28,31.5,72,15,8,0,26.5,,,,,,,,,,
KYAUKPHYU,4/30/2016,1016.5,35,28.2,31.6,80,13,6,0,28.1,,,,,,,,,,
KYAUKPHYU,5/1/2016,1016,36.5,27.5,32,72,15,6,0,26.5,,,,,,,,,,
KYAUKPHYU,5/2/2016,1017,35,22,28.5,77,7,2,5,23.3,,,,,,,,,,
KYAUKPHYU,5/3/2016,1017,35,24.5,29.75,71,7,4,0,25.4,,,,,,,,,,
KYAUKPHYU,5/4/2016,1017.5,34.7,26,30.35,80,15,6,0,28.1,,,,,,,,,,
KYAUKPHYU,5/5/2016,1018,34.5,25.5,30,66,15,6,0,24.5,,,,,,,,,,
KYAUKPHYU,5/6/2016,1017.1,35,26,30.5,72,15,4,0,26.5,,,,,,,,,,
KYAUKPHYU,5/7/2016,1015.5,34.5,26.5,30.5,72,15,4,0,26.5,,,,,,,,,,
KYAUKPHYU,5/8/2016,1017.5,35.5,27.5,31.5,72,15,6,0,26.5,,,,,,,,,,
KYAUKPHYU,5/9/2016,1018,35.5,27.5,31.5,71,15,6,0,26.5,,,,,,,,,,
KYAUKPHYU,5/10/2016,1017,35.5,28,31.75,73,15,6,0,27.5,,,,,,,,,,
KYAUKPHYU,5/11/2016,1016,35.5,28,31.75,76,15,10,0,27.3,,,,,,,,,,
KYAUKPHYU,5/12/2016,1013.8,35,28,31.5,73,13,6,0,27.5,,,,,,,,,,
KYAUKPHYU,5/13/2016,1015,35,28,31.5,72,15,6,0,26.5,,,,,,,,,,
KYAUKPHYU,5/14/2016,1017.5,36,27,31.5,76,15,4,0,27.3,,,,,,,,,,
KYAUKPHYU,5/15/2016,1017.5,35,27.5,31.25,73,15,4,0,27.5,,,,,,,,,,
KYAUKPHYU,5/16/2016,1016,35,27,31,62,17,4,0,25.7,,,,,,,,,,
KYAUKPHYU,5/17/2016,1016,35.5,27,31.25,73,15,6,0,27.5,,,,,,,,,,
KYAUKPHYU,5/18/2016,1015.3,33.5,25.5,29.5,80,7,4,5,28.1,,,,,,,,,,
KYAUKPHYU,5/19/2016,1015,31.5,25.7,28.6,85,9,4,6,25.9,,,,,,,,,,
KYAUKPHYU,5/20/2016,1013.5,28.5,24.5,26.5,98,3,4,40,24.8,,,,,,,,,,
KYAUKPHYU,5/21/2016,1009,29.5,25.5,27.5,100,9,6,150,27.3,,,,,,,,,,
KYAUKPHYU,5/22/2016,1010,31.5,24,27.75,100,11,8,85,25.6,,,,,,,,,,
KYAUKPHYU,5/23/2016,1011.5,30.5,24,27.25,100,15,4,98,24.5,,,,,,,,,,
KYAUKPHYU,5/24/2016,1010.4,31,24,27.5,100,11,2,39,25,,,,,,,,,,
KYAUKPHYU,5/25/2016,1009.5,33,25.5,29.25,93,11,4,1,28.2,,,,,,,,,,
KYAUKPHYU,5/26/2016,1011,32,23,27.5,88,7,4,14,24.8,,,,,,,,,,
KYAUKPHYU,5/27/2016,1013,32.5,26,29.25,79,9,2,1,26.7,,,,,,,,,,
KYAUKPHYU,5/28/2016,1012.8,33,27,30,80,15,4,0,28.1,,,,,,,,,,
KYAUKPHYU,5/29/2016,1012.5,31.5,24.5,28,84,7,8,22,25,,,,,,,,,,
KYAUKPHYU,5/30/2016,1012.5,32,26,29,93,9,2,4,27.4,,,,,,,,,,
KYAUKPHYU,5/31/2016,1013.5,32.5,26.3,29.4,85,11,6,10,26,,,,,,,,,,
KYAUKPHYU,6/1/2016,1014.5,31.2,24.5,27.85,98,7,2,48,25.8,,,,,,,,,,
KYAUKPHYU,6/2/2016,1014,32,26,29,79,11,4,0,26.7,,,,,,,,,,
KYAUKPHYU,6/3/2016,1014,32,26.5,29.25,80,9,4,0,28.1,,,,,,,,,,
KYAUKPHYU,6/4/2016,1015,31.5,26,28.75,79,7,6,12,26.7,,,,,,,,,,
KYAUKPHYU,6/5/2016,1015,31,26.5,28.75,85,9,4,4,26.6,,,,,,,,,,
KYAUKPHYU,6/6/2016,1015.3,31,25.2,28.1,85,7,4,13,26.6,,,,,,,,,,
KYAUKPHYU,6/7/2016,1015.5,31,24,27.5,93,7,6,16,26.8,,,,,,,,,,
KYAUKPHYU,6/8/2016,1014.5,29,24.5,26.75,100,11,2,78,26.1,,,,,,,,,,
KYAUKPHYU,6/9/2016,1013,29,25.5,27.25,100,11,2,75,26.7,,,,,,,,,,
KYAUKPHYU,6/10/2016,1009.5,29,24,26.5,98,11,6,115,26.8,,,,,,,,,,
KYAUKPHYU,6/11/2016,1011,26,24.3,25.15,100,15,4,373,25,,,,,,,,,,
KYAUKPHYU,6/12/2016,1012.5,26.5,23.5,25,100,11,2,70,26,,,,,,,,,,
KYAUKPHYU,6/13/2016,1012.8,28.5,24,26.25,100,7,4,117,25,,,,,,,,,,
KYAUKPHYU,6/14/2016,1009.5,29,25.5,27.25,93,9,4,14,26.8,,,,,,,,,,
KYAUKPHYU,6/15/2016,1009,30,24.8,27.4,92,9,2,2,26.8,,,,,,,,,,
KYAUKPHYU,6/16/2016,1009.2,32,24.5,28.25,93,7,4,5,26.8,,,,,,,,,,
KYAUKPHYU,6/17/2016,1010.5,30.5,25,27.75,85,9,6,4,26.6,,,,,,,,,,
KYAUKPHYU,6/18/2016,1011.5,31,25.8,28.4,84,7,2,0,26.8,,,,,,,,,,
KYAUKPHYU,6/19/2016,1015.5,30,25,27.5,92,7,4,12,25.6,,,,,,,,,,
KYAUKPHYU,6/20/2016,1015,30.5,26,28.25,79,11,4,12,26.7,,,,,,,,,,
KYAUKPHYU,6/21/2016,1014,32,25.8,28.9,85,7,2,3,24.6,,,,,,,,,,
KYAUKPHYU,6/22/2016,1014,33,27,30,85,5,4,0,26.6,,,,,,,,,,
KYAUKPHYU,6/23/2016,1022.8,33,27,30,93,0,0,0,28.1,,,,,,,,,,
KYAUKPHYU,6/24/2016,1012.5,34,27.5,30.75,79,0,0,0,25.3,,,,,,,,,,
KYAUKPHYU,6/25/2016,1012.5,34,25,29.5,85,3,4,17,26.6,,,,,,,,,,
KYAUKPHYU,6/26/2016,1012,32,25.5,28.75,79,7,4,19,25.3,,,,,,,,,,
KYAUKPHYU,6/27/2016,1011.5,31.54,24,27.77,93,9,4,13,26.8,,,,,,,,,,
KYAUKPHYU,6/28/2016,1012.5,33,25,29,82,7,6,3,26,,,,,,,,,,
KYAUKPHYU,6/29/2016,1012.5,33,26.5,29.75,79,11,4,0,26.7,,,,,,,,,,
KYAUKPHYU,6/30/2016,1011,33,26.5,29.75,85,9,2,2,26.6,,,,,,,,,,
KYAUKPHYU,7/1/2016,1011,29.5,25,27.25,93,7,6,36,26.8,,,,,,,,,,
KYAUKPHYU,7/2/2016,1011.5,30,25.5,27.75,100,7,6,135,26.5,,,,,,,,,,
KYAUKPHYU,7/3/2016,1012.5,29.5,25.5,27.5,100,11,2,120,25.8,,,,,,,,,,
KYAUKPHYU,7/4/2016,1012.5,28,25,26.5,100,11,6,56,27.5,,,,,,,,,,
KYAUKPHYU,7/5/2016,1011.5,30.5,25.5,28,98,11,6,34,27.2,,,,,,,,,,
KYAUKPHYU,7/6/2016,1010,28.5,26.5,27.5,98,11,4,12,28.5,,,,,,,,,,
KYAUKPHYU,7/7/2016,1009.8,30.3,24.5,27.4,100,0,0,61,26.3,,,,,,,,,,
KYAUKPHYU,7/8/2016,1008,30,25.5,27.75,100,11,4,52,26,,,,,,,,,,
KYAUKPHYU,7/9/2016,1009,28.5,25,26.75,100,11,8,57,26.3,,,,,,,,,,
KYAUKPHYU,7/10/2016,1008.5,28.5,24.5,26.5,100,9,4,148,25.3,,,,,,,,,,
KYAUKPHYU,7/11/2016,1010,29.5,24,26.75,100,11,4,104,25.3,,,,,,,,,,
KYAUKPHYU,7/12/2016,1013,27.5,24.5,26,100,11,2,158,26.7,,,,,,,,,,
KYAUKPHYU,7/13/2016,1012,31,25,28,100,11,2,9,26.5,,,,,,,,,,
KYAUKPHYU,7/14/2016,1010,28,26,27,100,11,2,11,28,,,,,,,,,,
KYAUKPHYU,7/15/2016,1012,29.5,24.5,27,97,11,2,76,25.6,,,,,,,,,,
KYAUKPHYU,7/16/2016,1015,27,23.7,25.35,100,11,2,35,24.2,,,,,,,,,,
KYAUKPHYU,7/17/2016,1017.5,31,23.5,27.25,93,9,2,23,26.8,,,,,,,,,,
KYAUKPHYU,7/18/2016,1015.2,29.5,24.5,27,92,7,2,26,25.6,,,,,,,,,,
KYAUKPHYU,7/19/2016,1013,31.5,24.6,28.05,93,9,2,0,27.4,,,,,,,,,,
KYAUKPHYU,7/20/2016,1012.5,30,25.5,27.75,93,9,2,0,27.4,,,,,,,,,,
KYAUKPHYU,7/21/2016,1014,29.5,25.5,27.5,100,11,2,25,26,,,,,,,,,,
KYAUKPHYU,7/22/2016,1015,31,24.5,27.75,100,11,2,20,25,,,,,,,,,,
KYAUKPHYU,7/23/2016,1016,29.5,25,27.25,93,0,0,2,26.8,,,,,,,,,,
KYAUKPHYU,7/24/2016,1016.2,28,25.5,26.75,92,11,2,0,25.6,,,,,,,,,,
KYAUKPHYU,7/25/2016,1018,28.5,24.6,26.55,92,11,2,8,24.6,,,,,,,,,,
KYAUKPHYU,7/26/2016,1016.5,31.5,24.5,28,85,15,2,3,25.9,,,,,,,,,,
KYAUKPHYU,7/27/2016,1016,31,24.8,27.9,79,15,4,0,25.3,,,,,,,,,,
KYAUKPHYU,7/28/2016,1013.5,31.5,26,28.75,100,3,4,38,27,,,,,,,,,,
KYAUKPHYU,7/29/2016,1011.5,32,26,29,85,15,2,3,26.6,,,,,,,,,,
KYAUKPHYU,7/30/2016,1010.8,33,26,29.5,85,15,2,1,26.6,,,,,,,,,,
KYAUKPHYU,7/31/2016,1010,30,25.5,27.75,93,7,4,1,26.8,,,,,,,,,,
KYAUKPHYU,8/1/2016,1008.5,28.5,24.5,26.5,100,9,6,64,26.2,,,,,,,,,,
KYAUKPHYU,8/2/2016,1007.5,29.5,24,26.75,97,7,4,36,26,,,,,,,,,,
KYAUKPHYU,8/3/2016,1007.5,32,25.5,28.75,97,7,6,43,26.2,,,,,,,,,,
KYAUKPHYU,8/4/2016,1009.5,30,25,27.5,100,7,4,49,25.8,,,,,,,,,,
KYAUKPHYU,8/5/2016,1011.5,28,25,26.5,100,9,8,20,27.5,,,,,,,,,,
KYAUKPHYU,8/6/2016,1013,29.5,23.5,26.5,97,7,8,90,26,,,,,,,,,,
KYAUKPHYU,8/7/2016,1013.3,30,24,27,100,9,4,73,24.5,,,,,,,,,,
KYAUKPHYU,8/8/2016,1012,30.2,24.8,27.5,100,11,6,74,25.8,,,,,,,,,,
KYAUKPHYU,8/9/2016,1012,31,25,28,97,11,4,21,27,,,,,,,,,,
KYAUKPHYU,8/10/2016,1012.5,31,24,27.5,98,11,6,41,27.5,,,,,,,,,,
KYAUKPHYU,8/11/2016,1013.5,29.5,24,26.75,100,11,8,38,25.3,,,,,,,,,,
KYAUKPHYU,8/12/2016,1012.8,30,25,27.5,100,11,6,79,26,,,,,,,,,,
KYAUKPHYU,8/13/2016,1012,29.5,24.8,27.15,97,11,6,49,26.5,,,,,,,,,,
KYAUKPHYU,8/14/2016,1010.5,29.5,24.5,27,100,11,8,53,26,,,,,,,,,,
KYAUKPHYU,8/15/2016,1008,29.5,24.5,27,100,11,2,26,27,,,,,,,,,,
KYAUKPHYU,8/16/2016,1005,29,24.5,26.75,100,9,8,32,26.2,,,,,,,,,,
KYAUKPHYU,8/17/2016,1007.9,30,25.5,27.75,97,11,4,69,25.7,,,,,,,,,,
KYAUKPHYU,8/18/2016,1010,32,26,29,97,11,6,33,28,,,,,,,,,,
KYAUKPHYU,8/19/2016,1010.5,32,26.5,29.25,93,11,4,1,27.4,,,,,,,,,,
KYAUKPHYU,8/20/2016,1010,31.5,27,29.25,92,9,2,17,24.6,,,,,,,,,,
KYAUKPHYU,8/21/2016,1011.4,29,26,27.5,100,11,2,72,26.9,,,,,,,,,,
KYAUKPHYU,8/22/2016,1014,31.5,25,28.25,93,7,4,3,26.8,,,,,,,,,,
KYAUKPHYU,8/23/2016,1013,32,26.5,29.25,85,15,4,6,26.6,,,,,,,,,,
KYAUKPHYU,8/24/2016,1012,29.5,25,27.25,92,13,4,23,25.6,,,,,,,,,,
KYAUKPHYU,8/25/2016,1012.5,32,25,28.5,85,15,2,7,26.6,,,,,,,,,,
KYAUKPHYU,8/26/2016,1013.8,33,26.8,29.9,85,15,6,0,26.6,,,,,,,,,,
KYAUKPHYU,8/27/2016,1015.5,30.5,26,28.25,92,0,0,18,25.6,,,,,,,,,,
KYAUKPHYU,8/28/2016,1016,32,25.8,28.9,93,7,2,12,26.8,,,,,,,,,,
KYAUKPHYU,8/29/2016,1014,31,26,28.5,85,11,2,0,26.6,,,,,,,,,,
KYAUKPHYU,8/30/2016,1013.5,29.7,25,27.35,96,7,4,56,25.3,,,,,,,,,,
KYAUKPHYU,8/31/2016,1015,31,27,29,92,0,0,41,25.3,,,,,,,,,,
KYAUKPHYU,9/1/2016,1015.5,29.5,25.7,27.6,92,13,2,41,25.6,,,,,,,,,,
KYAUKPHYU,9/2/2016,1013,28,24.4,26.2,97,11,2,121,27,,,,,,,,,,
KYAUKPHYU,9/3/2016,1012,29,25,27,92,11,10,152,25.6,,,,,,,,,,
KYAUKPHYU,9/4/2016,1013,30,24.5,27.25,97,11,2,43,26,,,,,,,,,,
KYAUKPHYU,9/5/2016,1012.5,30.2,24.5,27.35,93,11,6,22,27.4,,,,,,,,,,
KYAUKPHYU,9/6/2016,1013,28.5,26,27.25,93,7,4,1,27.4,,,,,,,,,,
KYAUKPHYU,9/7/2016,1012.2,31,26,28.5,85,11,4,0,26.6,,,,,,,,,,
KYAUKPHYU,9/8/2016,1014.5,31.5,25,28.25,93,7,4,16,26.8,,,,,,,,,,
KYAUKPHYU,9/9/2016,1015,31,26.5,28.75,71,11,4,0,23.9,,,,,,,,,,
KYAUKPHYU,9/10/2016,1015,32,26.4,29.2,85,11,4,0,26.6,,,,,,,,,,
KYAUKPHYU,9/11/2016,1014.5,31,25,28,93,15,6,2,26.8,,,,,,,,,,
KYAUKPHYU,9/12/2016,1014.5,31,25.6,28.3,84,15,2,0,25,,,,,,,,,,
KYAUKPHYU,9/13/2016,1016,30.5,25.3,27.9,85,13,2,0,25.9,,,,,,,,,,
KYAUKPHYU,9/14/2016,1016,32,24.5,28.25,85,7,4,4,26.6,,,,,,,,,,
KYAUKPHYU,9/15/2016,1014.5,33,26,29.5,85,15,4,7,26.6,,,,,,,,,,
KYAUKPHYU,9/16/2016,1014.5,31,25.5,28.25,84,0,0,11,25,,,,,,,,,,
KYAUKPHYU,9/17/2016,1014.2,31,25.5,28.25,92,0,0,9,24.6,,,,,,,,,,
KYAUKPHYU,9/18/2016,1015.7,32,26.5,29.25,85,15,4,7,26.6,,,,,,,,,,
KYAUKPHYU,9/19/2016,1015,32,25.5,28.75,85,15,2,41,25.9,,,,,,,,,,
KYAUKPHYU,9/20/2016,1015,32,25.3,28.65,85,11,2,0,26.6,,,,,,,,,,
KYAUKPHYU,9/21/2016,1016.5,33,26.5,29.75,85,15,4,0,28.2,,,,,,,,,,
KYAUKPHYU,9/22/2016,1016.8,32,26,29,79,15,4,10,26.7,,,,,,,,,,
KYAUKPHYU,9/23/2016,1015,33,26,29.5,79,7,4,1,25.3,,,,,,,,,,
KYAUKPHYU,9/24/2016,1014,32,25.5,28.75,79,11,2,2,26.7,,,,,,,,,,
KYAUKPHYU,9/25/2016,1014,32.5,25.5,29,85,3,2,0,26.6,,,,,,,,,,
KYAUKPHYU,9/26/2016,1015,32.5,26.5,29.5,89,9,4,0,27.4,,,,,,,,,,
KYAUKPHYU,9/27/2016,1016,31,26,28.5,93,0,0,56,27.4,,,,,,,,,,
KYAUKPHYU,9/28/2016,1014.5,32,25.5,28.75,85,15,2,22,26.6,,,,,,,,,,
KYAUKPHYU,9/29/2016,1014,32.5,25,28.75,85,7,6,6,26.6,,,,,,,,,,
KYAUKPHYU,9/30/2016,1013.2,32,26,29,85,11,4,0,26.6,,,,,,,,,,
KYAUKPHYU,10/1/2016,1015.7,33,26,29.5,85,7,2,19,28.2,,,,,,,,,,
KYAUKPHYU,10/2/2016,1017.5,32.5,25,28.75,89,9,2,29,27.4,,,,,,,,,,
KYAUKPHYU,10/3/2016,1016,33,25.5,29.25,85,15,2,0,28.2,,,,,,,,,,
KYAUKPHYU,10/4/2016,1015,31,25.8,28.4,93,9,2,36,26.8,,,,,,,,,,
KYAUKPHYU,10/5/2016,1014,32,25.8,28.9,85,9,2,4,25.9,,,,,,,,,,
KYAUKPHYU,10/6/2016,1014.5,33,26.2,29.6,85,11,4,13,26.6,,,,,,,,,,
KYAUKPHYU,10/7/2016,1013.5,32.3,26,29.15,85,0,0,0,26.6,,,,,,,,,,
KYAUKPHYU,10/8/2016,1016.5,32.5,25.5,29,85,7,4,16,26.6,,,,,,,,,,
KYAUKPHYU,10/9/2016,1016,32,26,29,85,9,4,9,26.6,,,,,,,,,,
KYAUKPHYU,10/10/2016,1016,28.5,24.5,26.5,98,0,0,107,25.3,,,,,,,,,,
KYAUKPHYU,10/11/2016,1015,29.5,24,26.75,85,7,2,29,25.9,,,,,,,,,,
KYAUKPHYU,10/12/2016,1015.5,29,24,26.5,92,11,2,2,25.6,,,,,,,,,,
KYAUKPHYU,10/13/2016,1017,28,26,27,85,9,4,6,26.6,,,,,,,,,,
KYAUKPHYU,10/14/2016,1016,32,26,29,85,11,2,0,26.6,,,,,,,,,,
KYAUKPHYU,10/15/2016,1016,32.5,25.7,29.1,85,15,4,3,26.6,,,,,,,,,,
KYAUKPHYU,10/16/2016,1016.5,33,25.5,29.25,85,15,2,0,26.6,,,,,,,,,,
KYAUKPHYU,10/17/2016,1015,33,25.7,29.35,85,3,2,15,26.6,,,,,,,,,,
KYAUKPHYU,10/18/2016,1014.8,33,26,29.5,85,15,2,7,26.6,,,,,,,,,,
KYAUKPHYU,10/19/2016,1014,33,26.5,29.75,85,15,2,0,28.2,,,,,,,,,,
KYAUKPHYU,10/20/2016,1013,33,26,29.5,85,15,2,0,26.6,,,,,,,,,,
KYAUKPHYU,10/21/2016,1014,33,26,29.5,85,7,4,0,26.6,,,,,,,,,,
KYAUKPHYU,10/22/2016,1015.1,33,26.5,29.75,85,0,0,0,26.6,,,,,,,,,,
KYAUKPHYU,10/23/2016,1015,31,26,28.5,85,3,2,53,26.6,,,,,,,,,,
KYAUKPHYU,10/24/2016,1012.8,33.5,25,29.25,79,5,8,0,24.8,,,,,,,,,,
KYAUKPHYU,10/25/2016,1013,33,24,28.5,75,7,10,0,24.6,,,,,,,,,,
KYAUKPHYU,10/26/2016,1017.2,33,26,29.5,79,9,2,0,24.8,,,,,,,,,,
KYAUKPHYU,10/27/2016,1020.5,32.5,26,29.25,79,15,5,0,25.3,,,,,,,,,,
KYAUKPHYU,10/28/2016,1019.8,29.5,26,27.75,84,7,6,2,25,,,,,,,,,,
KYAUKPHYU,10/29/2016,1018.5,28.5,25.8,27.15,84,11,2,0,25,,,,,,,,,,
KYAUKPHYU,10/30/2016,1019.5,33,25.5,29.25,85,15,4,5,25.9,,,,,,,,,,
KYAUKPHYU,10/31/2016,1021.5,33.2,25,29.1,85,3,4,0,25.9,,,,,,,,,,
KYAUKPHYU,11/1/2016,1020,33,26.3,29.65,79,15,4,0,25.3,,,,,,,,,,
KYAUKPHYU,11/2/2016,1019,33,26.5,29.75,79,15,2,0,24.8,,,,,,,,,,
KYAUKPHYU,11/3/2016,1020.5,34,24,29,84,5,4,0,25,,,,,,,,,,
KYAUKPHYU,11/4/2016,1018.8,33,26.5,29.75,85,15,2,0,26.6,,,,,,,,,,
KYAUKPHYU,11/5/2016,1016,32.2,25,28.6,85,7,6,10,25.9,,,,,,,,,,
KYAUKPHYU,11/6/2016,1013.5,29,25,27,85,7,8,15,25.9,,,,,,,,,,
KYAUKPHYU,11/7/2016,1017,31,24.7,27.85,92,0,0,62,24.6,,,,,,,,,,
KYAUKPHYU,11/8/2016,1018,31.5,24.5,28,93,3,4,0,26.8,,,,,,,,,,
KYAUKPHYU,11/9/2016,1019,31,25.5,28.25,85,7,4,0,25.9,,,,,,,,,,
KYAUKPHYU,11/10/2016,1019.8,31,25.5,28.25,85,15,4,1,25.9,,,,,,,,,,
KYAUKPHYU,11/11/2016,1020,32,25.5,28.75,85,15,4,0,25.9,,,,,,,,,,
KYAUKPHYU,11/12/2016,1020.5,30.5,25,27.75,92,9,2,3,25.6,,,,,,,,,,
KYAUKPHYU,11/13/2016,1021.5,32,25,28.5,85,3,4,0,25.9,,,,,,,,,,
KYAUKPHYU,11/14/2016,1021,31,24.8,27.9,84,15,6,0,25,,,,,,,,,,
KYAUKPHYU,11/15/2016,1020,31,22.5,26.75,93,15,4,0,26.8,,,,,,,,,,
KYAUKPHYU,11/16/2016,1020,31.5,22.5,27,84,3,4,0,24,,,,,,,,,,
KYAUKPHYU,11/17/2016,1021.5,32,24,28,77,15,4,0,24.8,,,,,,,,,,
KYAUKPHYU,11/18/2016,1019,31.2,23.5,27.35,84,15,6,0,25,,,,,,,,,,
KYAUKPHYU,11/19/2016,1017.5,31,23.5,27.25,88,3,4,0,24.8,,,,,,,,,,
KYAUKPHYU,11/20/2016,1020,30.5,23,26.75,84,3,4,0,24,,,,,,,,,,
KYAUKPHYU,11/21/2016,1018,30,22.5,26.25,83,15,2,0,22.9,,,,,,,,,,
KYAUKPHYU,11/22/2016,1018,29,20,24.5,83,3,6,0,21.9,,,,,,,,,,
KYAUKPHYU,11/23/2016,1019.5,29,18.5,23.75,83,3,2,0,21.9,,,,,,,,,,
KYAUKPHYU,11/24/2016,1019.5,29,19,24,83,3,2,0,21.9,,,,,,,,,,
KYAUKPHYU,11/25/2016,1018.5,29,19.5,24.25,88,5,4,0,21.8,,,,,,,,,,
KYAUKPHYU,11/26/2016,1018,29,18,23.5,83,3,2,0,20.9,,,,,,,,,,
KYAUKPHYU,11/27/2016,1019,29,19.5,24.25,83,15,4,0,21.9,,,,,,,,,,
KYAUKPHYU,11/28/2016,1019.5,28.5,20,24.25,83,7,4,0,21.9,,,,,,,,,,
KYAUKPHYU,11/29/2016,1020.5,29,19.5,24.25,83,15,4,0,20.9,,,,,,,,,,
KYAUKPHYU,11/30/2016,1022.5,31,20,25.5,83,15,2,0,22.9,,,,,,,,,,
KYAUKPHYU,12/1/2016,1022.3,32,21,26.5,84,7,2,0,24,,,,,,,,,,
KYAUKPHYU,12/2/2016,1022,30,24.2,27.1,84,15,2,0,25,,,,,,,,,,
KYAUKPHYU,12/3/2016,1023,31.5,26,28.75,85,15,2,0,25.9,,,,,,,,,,
KYAUKPHYU,12/4/2016,1021.5,32,24,28,80,3,4,0,23.3,,,,,,,,,,
KYAUKPHYU,12/5/2016,1021,32,24,28,69,15,6,0,21.1,,,,,,,,,,
KYAUKPHYU,12/6/2016,1022,32.5,22,27.25,61,3,2,0,17.9,,,,,,,,,,
KYAUKPHYU,12/7/2016,1020,32,21,26.5,68,3,4,0,20.3,,,,,,,,,,
KYAUKPHYU,12/8/2016,1018.8,32,24,28,63,15,6,0,20.3,,,,,,,,,,
KYAUKPHYU,12/9/2016,1017.3,31.5,22.5,27,76,3,4,0,20.5,,,,,,,,,,
KYAUKPHYU,12/10/2016,1017,32,21,26.5,76,3,4,0,21.5,,,,,,,,,,
KYAUKPHYU,12/11/2016,1018,31.6,21.5,26.55,83,15,2,0,27.9,,,,,,,,,,
KYAUKPHYU,12/12/2016,1018.3,31,22,26.5,84,3,2,0,24,,,,,,,,,,
KYAUKPHYU,12/13/2016,1018.5,31.5,22,26.75,84,3,4,0,24,,,,,,,,,,
KYAUKPHYU,12/14/2016,1019.5,30,23,26.5,83,15,2,0,22.9,,,,,,,,,,
KYAUKPHYU,12/15/2016,1020.5,30,20,25,83,3,2,0,21.9,,,,,,,,,,
KYAUKPHYU,12/16/2016,1021.3,30,21,25.5,83,3,4,0,21.9,,,,,,,,,,
KYAUKPHYU,12/17/2016,1021,30.5,23,26.75,76,15,2,0,21.5,,,,,,,,,,
KYAUKPHYU,12/18/2016,1022,31,22.5,26.75,84,15,2,0,24,,,,,,,,,,
KYAUKPHYU,12/19/2016,1021.5,30.5,22,26.25,84,3,4,0,24,,,,,,,,,,
KYAUKPHYU,12/20/2016,1019,28,23.5,25.75,76,15,8,0,17.4,,,,,,,,,,
KYAUKPHYU,12/21/2016,1021,27.5,20.5,24,83,3,2,0,20.9,,,,,,,,,,
KYAUKPHYU,12/22/2016,1019.5,29,18,23.5,91,3,4,0,20.5,,,,,,,,,,
KYAUKPHYU,12/23/2016,1018.5,29,18,23.5,91,15,2,0,21.4,,,,,,,,,,
KYAUKPHYU,12/24/2016,1020,29.5,20.5,25,83,0,0,0,20.9,,,,,,,,,,
KYAUKPHYU,12/25/2016,1020,30.5,20,25.25,83,3,4,0,22.9,,,,,,,,,,
KYAUKPHYU,12/26/2016,1019.6,30,22,26,83,15,4,0,22.9,,,,,,,,,,
KYAUKPHYU,12/27/2016,1020.8,29.5,20,24.75,76,3,6,0,20.5,,,,,,,,,,
KYAUKPHYU,12/28/2016,1020,30,19,24.5,83,3,4,0,21.9,,,,,,,,,,
KYAUKPHYU,12/29/2016,1022,31,19,25,76,3,4,0,20.5,,,,,,,,,,
KYAUKPHYU,12/30/2016,1022.8,31,19,25,83,3,4,0,21.9,,,,,,,,,,
KYAUKPHYU,12/31/2016,1022,31,20,25.5,83,3,6,0,21.9,,,,,,,,,,
KYAUKPHYU,1/1/2017,1021.8,30.5,20,25.25,80,3,4,0,21.2,,,,,,,,,,
KYAUKPHYU,1/2/2017,1020.8,32,21,26.5,83,15,8,0,21.9,,,,,,,,,,
KYAUKPHYU,1/3/2017,1021,29,23.7,26.35,83,0,0,0,21.9,,,,,,,,,,
KYAUKPHYU,1/4/2017,1020,29.5,21,25.25,83,15,6,0,22.9,,,,,,,,,,
KYAUKPHYU,1/5/2017,1018.6,29,20,24.5,83,13,6,0,20.9,,,,,,,,,,
KYAUKPHYU,1/6/2017,1018.5,30,17.2,23.6,83,15,4,0,20.9,,,,,,,,,,
KYAUKPHYU,1/7/2017,1018.5,30,18,24,83,3,4,0,20.9,,,,,,,,,,
KYAUKPHYU,1/8/2017,1018,29,18.5,23.75,82,3,4,0,19.8,,,,,,,,,,
KYAUKPHYU,1/9/2017,1017.5,29.2,16,22.6,82,3,4,0,18.5,,,,,,,,,,
KYAUKPHYU,1/10/2017,1017.8,30,15.5,22.75,74,15,4,0,18.1,,,,,,,,,,
KYAUKPHYU,1/11/2017,1018,30,17.5,23.75,83,15,4,0,20.9,,,,,,,,,,
KYAUKPHYU,1/12/2017,1018,29,19,24,74,15,6,0,18.1,,,,,,,,,,
KYAUKPHYU,1/13/2017,1019.5,27,20,23.5,65,15,12,0,15.6,,,,,,,,,,
KYAUKPHYU,1/14/2017,1019.5,28,19.5,23.75,73,15,4,0,17.3,,,,,,,,,,
KYAUKPHYU,1/15/2017,1021.5,28,19,23.5,74,3,4,0,19.8,,,,,,,,,,
KYAUKPHYU,1/16/2017,1020,29,19,24,82,0,0,0,18.5,,,,,,,,,,
KYAUKPHYU,1/17/2017,1021,28.5,16.5,22.5,91,15,4,0,20.5,,,,,,,,,,
KYAUKPHYU,1/18/2017,1023.3,30,19.2,24.6,82,3,4,0,19.8,,,,,,,,,,
KYAUKPHYU,1/19/2017,1022,31,19,25,74,17,4,0,18.1,,,,,,,,,,
KYAUKPHYU,1/20/2017,1022,31.5,19,25.25,82,15,6,0,19.8,,,,,,,,,,
KYAUKPHYU,1/21/2017,1023,29.5,17.5,23.5,82,3,4,0,19.8,,,,,,,,,,
KYAUKPHYU,1/22/2017,1023.5,32,17.5,24.75,82,0,0,0,19.8,,,,,,,,,,
KYAUKPHYU,1/23/2017,1023.5,29,17,23,92,0,0,0,22.6,,,,,,,,,,
KYAUKPHYU,1/24/2017,1024,30.5,16,23.25,76,3,2,0,21.4,,,,,,,,,,
KYAUKPHYU,1/25/2017,1023.5,32,20,26,83,15,2,0,20.9,,,,,,,,,,
KYAUKPHYU,1/26/2017,1024,32,19.5,25.75,76,3,4,0,20.5,,,,,,,,,,
KYAUKPHYU,1/27/2017,1022.3,31,19.5,25.25,83,3,4,0,20.9,,,,,,,,,,
KYAUKPHYU,1/28/2017,1020.5,31,18.5,24.75,83,15,2,0,20.9,,,,,,,,,,
KYAUKPHYU,1/29/2017,1020.8,29,18.5,23.75,91,7,2,0,20.5,,,,,,,,,,
KYAUKPHYU,1/30/2017,1021.5,28.5,18,23.25,91,3,2,0,21.4,,,,,,,,,,
KYAUKPHYU,1/31/2017,1020,28.5,18,23.25,92,0,0,0,20.5,,,,,,,,,,
KYAUKPHYU,2/1/2017,1021,29.5,17.5,23.5,91,7,4,0,20.5,,,,,,,,,,
KYAUKPHYU,2/2/2017,1023,30.5,17.3,23.9,91,3,2,0,21.4,,,,,,,,,,
KYAUKPHYU,2/3/2017,1021.5,30,17,23.5,82,0,0,0,19.8,,,,,,,,,,
KYAUKPHYU,2/4/2017,1021,29.5,20,24.75,82,3,4,0,19.8,,,,,,,,,,
KYAUKPHYU,2/5/2017,1021,31,18,24.5,83,3,2,0,20.9,,,,,,,,,,
KYAUKPHYU,2/6/2017,1019.2,29,17.5,23.25,91,15,2,0,21.4,,,,,,,,,,
KYAUKPHYU,2/7/2017,1019,28,17,22.5,82,3,4,0,19.8,,,,,,,,,,
KYAUKPHYU,2/8/2017,1020,30.5,21.8,26.15,83,15,4,0,20.9,,,,,,,,,,
KYAUKPHYU,2/9/2017,1018.8,30.5,18,24.25,91,15,2,0,21.4,,,,,,,,,,
KYAUKPHYU,2/10/2017,1019.5,30,17.8,23.9,92,7,2,0,22.6,,,,,,,,,,
KYAUKPHYU,2/11/2017,1022,31,16,23.5,91,3,2,0,20.5,,,,,,,,,,
KYAUKPHYU,2/12/2017,1023.1,32,16,24,74,15,4,0,19.1,,,,,,,,,,
KYAUKPHYU,2/13/2017,1024,33.5,19,26.25,74,3,2,0,19.1,,,,,,,,,,
KYAUKPHYU,2/14/2017,1026,31,19,25,83,3,2,0,20.9,,,,,,,,,,
KYAUKPHYU,2/15/2017,1025,32.5,19,25.75,92,15,2,0,22.6,,,,,,,,,,
KYAUKPHYU,2/16/2017,1024.5,31,18,24.5,83,3,2,0,20.9,,,,,,,,,,
KYAUKPHYU,2/17/2017,1023,32.5,18,25.25,83,15,2,0,20.9,,,,,,,,,,
KYAUKPHYU,2/18/2017,1023.1,32,18,25,83,15,2,0,20.9,,,,,,,,,,
KYAUKPHYU,2/19/2017,1021,31,18,24.5,92,0,0,0,22.6,,,,,,,,,,
KYAUKPHYU,2/20/2017,1018,29,18,23.5,82,0,0,0,20.5,,,,,,,,,,
KYAUKPHYU,2/21/2017,1019.5,30,19.7,24.85,83,3,2,0,21.9,,,,,,,,,,
KYAUKPHYU,2/22/2017,1019.8,30,20,25,91,15,4,0,23.3,,,,,,,,,,
KYAUKPHYU,2/23/2017,1020.5,30,20,25,92,0,0,0,24.6,,,,,,,,,,
KYAUKPHYU,2/24/2017,1021.5,30,23,26.5,77,15,6,0,22.6,,,,,,,,,,
KYAUKPHYU,2/25/2017,1020.8,30.5,23.5,27,93,15,4,0,22.9,,,,,,,,,,
KYAUKPHYU,2/26/2017,1019,30.5,19,24.75,74,15,4,0,19.1,,,,,,,,,,
KYAUKPHYU,2/27/2017,1021,31,20,25.5,76,15,4,0,20.5,,,,,,,,,,
KYAUKPHYU,2/28/2017,1020,33,19,26,83,3,4,0,20.9,,,,,,,,,,
KYAUKPHYU,3/1/2017,1020,32.5,18.5,25.5,83,15,2,0,21.9,,,,,,,,,,
KYAUKPHYU,3/2/2017,1019.2,32,18.5,25.25,92,0,0,0,22.6,,,,,,,,,,
KYAUKPHYU,3/3/2017,1017.5,30.5,18,24.25,92,3,2,0,22.6,,,,,,,,,,
KYAUKPHYU,3/4/2017,1017,30.5,20,25.25,92,7,4,0,22.6,,,,,,,,,,
KYAUKPHYU,3/5/2017,1018.8,31.5,19,25.25,92,3,2,0,23.3,,,,,,,,,,
KYAUKPHYU,3/6/2017,1018,31,19.3,25.15,83,7,4,0,21.9,,,,,,,,,,
KYAUKPHYU,3/7/2017,1019,32,24,28,84,15,4,0,24,,,,,,,,,,
KYAUKPHYU,3/8/2017,1017.5,32.5,25,28.75,84,3,4,0,25,,,,,,,,,,
KYAUKPHYU,3/9/2017,1017.5,31,23,27,84,15,4,0,24,,,,,,,,,,
KYAUKPHYU,3/10/2017,1017.5,28,23,25.5,84,3,4,0,25,,,,,,,,,,
KYAUKPHYU,3/11/2017,1019,30.2,22,26.1,84,15,2,0,25,,,,,,,,,,
KYAUKPHYU,3/12/2017,1018.5,29,23,26,79,11,6,0,24.8,,,,,,,,,,
KYAUKPHYU,3/13/2017,1020.5,32,22.5,27.25,84,15,4,4,22.9,,,,,,,,,,
KYAUKPHYU,3/14/2017,1020.5,32.5,23,27.75,83,3,2,0,17.9,,,,,,,,,,
KYAUKPHYU,3/15/2017,1019,32.5,20,26.25,61,15,6,0,17.2,,,,,,,,,,
KYAUKPHYU,3/16/2017,1010.2,31,18.5,24.75,54,15,8,0,17.2,,,,,,,,,,
KYAUKPHYU,3/17/2017,1018,30.5,20,25.25,54,15,8,0,22.2,,,,,,,,,,
KYAUKPHYU,3/18/2017,1019,30.6,19,24.8,80,15,4,0,22.9,,,,,,,,,,
KYAUKPHYU,3/19/2017,1020.5,31,21,26,83,0,0,0,24,,,,,,,,,,
KYAUKPHYU,3/20/2017,1019.2,30,23,26.5,84,3,4,0,24,,,,,,,,,,
KYAUKPHYU,3/21/2017,1021,29.3,20,24.65,80,3,4,1,22.2,,,,,,,,,,
KYAUKPHYU,3/22/2017,1020,31,22,26.5,76,15,4,0,21.5,,,,,,,,,,
KYAUKPHYU,3/23/2017,1018.5,32,22.4,27.2,76,15,4,0,21.5,,,,,,,,,,
KYAUKPHYU,3/24/2017,1019,32.6,20.6,26.6,83,15,2,0,22.9,,,,,,,,,,
KYAUKPHYU,3/25/2017,1020,30.5,22,26.25,84,3,2,0,24,,,,,,,,,,
KYAUKPHYU,3/26/2017,1020,31,23,27,84,15,4,0,25,,,,,,,,,,
KYAUKPHYU,3/27/2017,1020.5,31.5,23,27.25,84,15,4,0,25,,,,,,,,,,
KYAUKPHYU,3/28/2017,1020,30.5,21.6,26.05,84,15,4,0,25,,,,,,,,,,
KYAUKPHYU,3/29/2017,1020,31.2,22,26.6,93,0,0,0,26.8,,,,,,,,,,
KYAUKPHYU,3/30/2017,1021,31.2,23,27.1,84,15,2,0,25,,,,,,,,,,
KYAUKPHYU,3/31/2017,1021.3,31,23.6,27.3,70,15,2,0,23,,,,,,,,,,
KYAUKPHYU,4/1/2017,1020,31.5,24,27.75,79,15,2,0,25.3,,,,,,,,,,
KYAUKPHYU,4/2/2017,1019,31.6,24,27.8,74,15,2,0,23.9,,,,,,,,,,
KYAUKPHYU,4/3/2017,1021.6,31,24,27.5,85,0,0,0,25.9,,,,,,,,,,
KYAUKPHYU,4/4/2017,1020.5,31,24.5,27.75,79,3,2,0,24.8,,,,,,,,,,
KYAUKPHYU,4/5/2017,1020.5,32,23.5,27.75,77,15,2,0,23.3,,,,,,,,,,
KYAUKPHYU,4/6/2017,1017.8,33.5,24.2,28.85,84,15,2,0,25,,,,,,,,,,
KYAUKPHYU,4/7/2017,1018.3,33.5,26,29.75,82,15,5,0,26,,,,,,,,,,
KYAUKPHYU,4/8/2017,1017.7,34,26.2,30.1,85,15,4,0,25.9,,,,,,,,,,
KYAUKPHYU,4/9/2017,1018,33,26.2,29.6,85,15,3,0,26.6,,,,,,,,,,
KYAUKPHYU,4/10/2017,1017,33.5,27,30.25,78,15,6,0,26.7,,,,,,,,,,
KYAUKPHYU,4/11/2017,1017,34.2,26.5,30.35,78,15,6,0,26.7,,,,,,,,,,
KYAUKPHYU,4/12/2017,1017,34,26.5,30.25,79,15,6,0,25.3,,,,,,,,,,
KYAUKPHYU,4/13/2017,1018.5,33,26.3,29.65,79,15,6,0,25.3,,,,,,,,,,
KYAUKPHYU,4/14/2017,1019,32.5,26,29.25,82,0,0,0,26,,,,,,,,,,
KYAUKPHYU,4/15/2017,1017,33,26.2,29.6,74,11,2,0,26.1,,,,,,,,,,
KYAUKPHYU,4/16/2017,1014.5,29.2,23,26.1,91,7,4,41,20.5,,,,,,,,,,
KYAUKPHYU,4/17/2017,1015,32.5,21.5,27,92,11,2,119,23.3,,,,,,,,,,
KYAUKPHYU,4/18/2017,1018,33,21.5,27.25,85,11,4,0,25.9,,,,,,,,,,
KYAUKPHYU,4/19/2017,1018.5,32,23,27.5,82,15,2,0,25.3,,,,,,,,,,
KYAUKPHYU,4/20/2017,1018.5,30.5,23.5,27,84,13,2,0,25,,,,,,,,,,
KYAUKPHYU,4/21/2017,1018,31,24.5,27.75,79,11,6,0,25.3,,,,,,,,,,
KYAUKPHYU,4/22/2017,1018,31.7,25,28.35,79,11,3,0,25.3,,,,,,,,,,
KYAUKPHYU,4/23/2017,1017,31.6,21.8,26.7,92,11,2,6,22.6,,,,,,,,,,
KYAUKPHYU,4/24/2017,1018,30.5,24,27.25,84,11,4,4,24,,,,,,,,,,
KYAUKPHYU,4/25/2017,1017.8,31.5,21,26.25,79,11,4,0,25.3,,,,,,,,,,
KYAUKPHYU,4/26/2017,1018.5,32.1,24.5,28.3,78,11,6,0,26.7,,,,,,,,,,
KYAUKPHYU,4/27/2017,1018.5,33,21.5,27.25,85,15,4,0,26.6,,,,,,,,,,
KYAUKPHYU,4/28/2017,1018.5,33.2,25.5,29.35,78,15,4,0,26.7,,,,,,,,,,
KYAUKPHYU,4/29/2017,1019,33,26,29.5,78,15,4,0,25.4,,,,,,,,,,
KYAUKPHYU,4/30/2017,1018.5,32.8,26,29.4,78,15,3,0,26.7,,,,,,,,,,
KYAUKPHYU,5/1/2017,1019.8,33.5,26.5,30,68,15,4,0,24.6,,,,,,,,,,
KYAUKPHYU,5/2/2017,1019.5,35,26.5,30.75,71,15,4,0,25.4,,,,,,,,,,
KYAUKPHYU,5/3/2017,1020,33.5,27,30.25,71,15,6,0,25.4,,,,,,,,,,
KYAUKPHYU,5/4/2017,1019,35.4,27.3,31.35,72,15,8,0,26.5,,,,,,,,,,
KYAUKPHYU,5/5/2017,1018.9,33.2,27,30.1,85,15,4,0,28.2,,,,,,,,,,
KYAUKPHYU,5/6/2017,1021,33,25.5,29.25,79,15,4,0,25.3,,,,,,,,,,
KYAUKPHYU,5/7/2017,1020.4,33,24,28.5,71,15,2,0,25.4,,,,,,,,,,
KYAUKPHYU,5/8/2017,1019.5,34.5,26,30.25,71,15,6,0,28.1,,,,,,,,,,
KYAUKPHYU,5/9/2017,1018,34.5,27.5,31,80,15,4,0,28.1,,,,,,,,,,
KYAUKPHYU,5/10/2017,1016,35,26,30.5,79,15,6,0,25.4,,,,,,,,,,
KYAUKPHYU,5/11/2017,1019,34,27,30.5,79,15,2,0,27.4,,,,,,,,,,
KYAUKPHYU,5/12/2017,1018,35,27.5,31.25,80,15,2,0,28.1,,,,,,,,,,
KYAUKPHYU,5/13/2017,1016.5,35,27.5,31.25,82,15,4,0,28.6,,,,,,,,,,
KYAUKPHYU,5/14/2017,1014.5,35,27,31,78,15,2,0,26.7,,,,,,,,,,
KYAUKPHYU,5/15/2017,1014.5,35,26.5,30.75,70,15,4,0,26.6,,,,,,,,,,
KYAUKPHYU,5/16/2017,1015,33.7,26.8,30.25,83,15,15,0,22.9,,,,,,,,,,
KYAUKPHYU,5/17/2017,1012.5,33.5,26.5,30,80,15,2,0,28.1,,,,,,,,,,
KYAUKPHYU,5/18/2017,1012,34,22.5,28.25,97,9,3,44,25.4,,,,,,,,,,
KYAUKPHYU,5/19/2017,1015.8,35,26.5,30.75,72,15,2,0,26,,,,,,,,,,
KYAUKPHYU,5/20/2017,1014.5,36,27,31.5,80,15,2,0,29.1,,,,,,,,,,
KYAUKPHYU,5/21/2017,1014,35.5,28.5,32,80,15,3,0,29.1,,,,,,,,,,
KYAUKPHYU,5/22/2017,1015,35.8,29.2,32.5,73,15,2,0,27.5,,,,,,,,,,
KYAUKPHYU,5/23/2017,1015.5,36.5,29.5,33,76,15,6,0,28.3,,,,,,,,,,
KYAUKPHYU,5/24/2017,1015,34.5,29.5,32,76,15,4,0,28.3,,,,,,,,,,
KYAUKPHYU,5/25/2017,1014,34.5,28.5,31.5,76,15,2,0,28.3,,,,,,,,,,
KYAUKPHYU,5/26/2017,1013.5,35.2,27.5,31.35,80,15,2,0,28.1,,,,,,,,,,
KYAUKPHYU,5/27/2017,1013,35,24.8,29.9,85,15,2,33,28.7,,,,,,,,,,
KYAUKPHYU,5/28/2017,1010,36,28,32,61,7,2,0,24.4,,,,,,,,,,
KYAUKPHYU,5/29/2017,1006,32.7,26.8,29.75,88,7,4,9,25.4,,,,,,,,,,
KYAUKPHYU,5/30/2017,1007.5,30,24.5,27.25,95,11,12,82,25.3,,,,,,,,,,
KYAUKPHYU,5/31/2017,1013.5,33,24.5,28.75,93,9,3,146,28.2,,,,,,,,,,
KYAUKPHYU,6/1/2017,1014.8,32.7,26.5,29.6,89,11,4,1,29,,,,,,,,,,
KYAUKPHYU,6/2/2017,1014.5,32.5,26.8,29.65,85,11,2,1,29,,,,,,,,,,
KYAUKPHYU,6/3/2017,1014,33,26.3,29.65,80,11,4,0,28.1,,,,,,,,,,
KYAUKPHYU,6/4/2017,1014,33.5,26.5,30,72,15,4,0,26.5,,,,,,,,,,
KYAUKPHYU,6/5/2017,1013.2,33,24.5,28.75,92,0,0,19,25.6,,,,,,,,,,
KYAUKPHYU,6/6/2017,1013.5,33.2,26.3,29.75,80,15,3,0,28.1,,,,,,,,,,
KYAUKPHYU,6/7/2017,1013.5,33,27.5,30.25,85,11,2,0,28.2,,,,,,,,,,
KYAUKPHYU,6/8/2017,1012,32.5,25,28.75,85,9,4,19,29.2,,,,,,,,,,
KYAUKPHYU,6/9/2017,1010.8,33,26,29.5,85,11,4,4,27.4,,,,,,,,,,
KYAUKPHYU,6/10/2017,1010.5,32.2,26,29.1,96,7,8,7,26.3,,,,,,,,,,
KYAUKPHYU,6/11/2017,1011,29,26,27.5,100,11,4,75,25,,,,,,,,,,
KYAUKPHYU,6/12/2017,1011,30.5,25,27.75,100,11,8,81,27.5,,,,,,,,,,
KYAUKPHYU,6/13/2017,1012.5,29.5,25,27.25,100,11,25,137,27.5,,,,,,,,,,
KYAUKPHYU,6/14/2017,1014,28.5,24.5,26.5,100,11,4,178,25.8,,,,,,,,,,
KYAUKPHYU,6/15/2017,1014.5,30,24,27,100,11,4,88,26.2,,,,,,,,,,
KYAUKPHYU,6/16/2017,1013.5,31.5,24,27.75,98,11,4,65,27.5,,,,,,,,,,
KYAUKPHYU,6/17/2017,1014.2,30,25.3,27.65,93,11,6,18,27.1,,,,,,,,,,
KYAUKPHYU,6/18/2017,1013,29.5,25,27.25,100,11,2,59,25,,,,,,,,,,
KYAUKPHYU,6/19/2017,1012,28,24,26,100,11,2,130,26,,,,,,,,,,
KYAUKPHYU,6/20/2017,1012.5,28,23.5,25.75,100,11,2,192,24.7,,,,,,,,,,
KYAUKPHYU,6/21/2017,1012,29.5,23.5,26.5,100,11,6,90,26.2,,,,,,,,,,
KYAUKPHYU,6/22/2017,1011.8,30.5,24,27.25,100,7,3,136,24.8,,,,,,,,,,
KYAUKPHYU,6/23/2017,1011,29,24,26.5,100,11,4,82,25.3,,,,,,,,,,
KYAUKPHYU,6/24/2017,1008.5,31,24.5,27.75,100,11,6,106,26.2,,,,,,,,,,
KYAUKPHYU,6/25/2017,1010.5,30.5,24.5,27.5,96,11,6,10,27.4,,,,,,,,,,
KYAUKPHYU,6/26/2017,1012,31,24.5,27.75,96,7,2,25,26.8,,,,,,,,,,
KYAUKPHYU,6/27/2017,1011.8,30,24.5,27.25,85,11,6,10,25.9,,,,,,,,,,
KYAUKPHYU,6/28/2017,1013,30.5,24,27.25,96,11,2,10,27.4,,,,,,,,,,
KYAUKPHYU,6/29/2017,1013,30.5,25.5,28,92,11,3,9,25.6,,,,,,,,,,
KYAUKPHYU,6/30/2017,1011,30,24.3,27.15,96,11,4,87,26.3,,,,,,,,,,
KYAUKPHYU,7/1/2017,1011.8,30,25,27.5,96,11,4,46,27.4,,,,,,,,,,
KYAUKPHYU,7/2/2017,1011.7,27.5,24.8,26.15,100,11,4,93,26,,,,,,,,,,
KYAUKPHYU,7/3/2017,1012,29.5,24.8,27.15,98,11,6,43,26.6,,,,,,,,,,
KYAUKPHYU,7/4/2017,1012.5,31,25.5,28.25,93,11,9,3,27.4,,,,,,,,,,
KYAUKPHYU,7/5/2017,1012,29,24.3,26.65,100,11,3,56,26.5,,,,,,,,,,
KYAUKPHYU,7/6/2017,1012,29,23.3,26.15,100,11,8,140,26.5,,,,,,,,,,
KYAUKPHYU,7/7/2017,1013,29,24.5,26.75,100,11,4,27,25.5,,,,,,,,,,
KYAUKPHYU,7/8/2017,1012.4,29,24.5,26.75,100,11,2,48,26.5,,,,,,,,,,
KYAUKPHYU,7/9/2017,1014,30,24,27,93,7,4,28,27.4,,,,,,,,,,
KYAUKPHYU,7/10/2017,1016,30.2,25,27.6,98,11,8,27,26.8,,,,,,,,,,
KYAUKPHYU,7/11/2017,1013,29,24.5,26.75,100,11,2,79,25.5,,,,,,,,,,
KYAUKPHYU,7/12/2017,1012.5,30,23.6,26.8,98,7,4,12,25.8,,,,,,,,,,
KYAUKPHYU,7/13/2017,1013,31,24.5,27.75,96,11,6,13,26.3,,,,,,,,,,
KYAUKPHYU,7/14/2017,1011.6,31,25,28,93,11,5,16,27,,,,,,,,,,
KYAUKPHYU,7/15/2017,1011.3,30,25.5,27.75,100,0,0,66,25.5,,,,,,,,,,
KYAUKPHYU,7/16/2017,1008.6,31.7,24.3,28,96,11,3,36,25.8,,,,,,,,,,
KYAUKPHYU,7/17/2017,1008,32.3,25.2,28.75,89,11,6,0,27,,,,,,,,,,
KYAUKPHYU,7/18/2017,1009,29.5,25.5,27.5,100,11,6,8,27,,,,,,,,,,
KYAUKPHYU,7/19/2017,1013.5,30.5,24,27.25,96,11,4,146,26.5,,,,,,,,,,
KYAUKPHYU,7/20/2017,1012.3,30,25.5,27.75,93,11,5,7,27,,,,,,,,,,
KYAUKPHYU,7/21/2017,1012.8,28.5,24,26.25,100,11,4,39,26,,,,,,,,,,
KYAUKPHYU,7/22/2017,1012.5,27,24.5,25.75,100,11,4,245,25,,,,,,,,,,
KYAUKPHYU,7/23/2017,1012.4,29,24.5,26.75,100,11,5,101,26,,,,,,,,,,
KYAUKPHYU,7/24/2017,1013.2,30.5,23.4,26.95,98,15,5,89,25.6,,,,,,,,,,
KYAUKPHYU,7/25/2017,1011.3,30.5,25.5,28,97,11,6,3,28.3,,,,,,,,,,
KYAUKPHYU,7/26/2017,1012,31,24.8,27.9,100,11,4,38,26,,,,,,,,,,
KYAUKPHYU,7/27/2017,1013,31,25.8,28.4,100,11,4,16,27,,,,,,,,,,
KYAUKPHYU,7/28/2017,1013,31.5,25.3,28.4,100,11,2,12,27.5,,,,,,,,,,
KYAUKPHYU,7/29/2017,1013.5,31.5,25.5,28.5,93,15,2,1,26.8,,,,,,,,,,
KYAUKPHYU,7/30/2017,1014,31,25,28,93,15,4,19,26.8,,,,,,,,,,
KYAUKPHYU,7/31/2017,1012.5,32,25.3,28.65,98,11,4,27,28.1,,,,,,,,,,
KYAUKPHYU,8/1/2017,1012.6,29,25.2,27.1,96,11,5,36,27.7,,,,,,,,,,
KYAUKPHYU,8/2/2017,1013,30,24.5,27.25,100,11,4,132,25.5,,,,,,,,,,
KYAUKPHYU,8/3/2017,1009,29.5,24,26.75,93,11,8,11,26.5,,,,,,,,,,
KYAUKPHYU,8/4/2017,1009.5,31,25,28,96,11,3,10,26.9,,,,,,,,,,
KYAUKPHYU,8/5/2017,1009,30.5,25.8,28.15,96,11,2,28,27.7,,,,,,,,,,
KYAUKPHYU,8/6/2017,1012,29,25.3,27.15,100,11,2,19,26,,,,,,,,,,
KYAUKPHYU,8/7/2017,1014.5,31.7,25,28.35,96,11,2,20,26.3,,,,,,,,,,
KYAUKPHYU,8/8/2017,1015.6,29,25,27,100,11,2,50,27,,,,,,,,,,
KYAUKPHYU,8/9/2017,1015,30,24,27,93,11,6,18,26.8,,,,,,,,,,
KYAUKPHYU,8/10/2017,1015,30.2,25.5,27.85,96,11,3,22,27.7,,,,,,,,,,
KYAUKPHYU,8/11/2017,1014.8,29,24,26.5,97,11,8,68,27.7,,,,,,,,,,
KYAUKPHYU,8/12/2017,1015,29,23.7,26.35,100,0,0,189,25.2,,,,,,,,,,
KYAUKPHYU,8/13/2017,1016,31,24,27.5,100,11,4,17,26.7,,,,,,,,,,
KYAUKPHYU,8/14/2017,1017,30.7,24.8,27.75,100,11,6,23,27.6,,,,,,,,,,
KYAUKPHYU,8/15/2017,1011.5,29.6,24.5,27.05,92,11,6,46,25.6,,,,,,,,,,
KYAUKPHYU,8/16/2017,1013,29.5,24.8,27.15,98,0,0,26,27.5,,,,,,,,,,
KYAUKPHYU,8/17/2017,1011,30,25.5,27.75,100,11,3,53,25.5,,,,,,,,,,
KYAUKPHYU,8/18/2017,1011,31,24.5,27.75,92,11,4,7,25.6,,,,,,,,,,
KYAUKPHYU,8/19/2017,1013.4,31.7,24.2,27.95,93,11,4,10,26.8,,,,,,,,,,
KYAUKPHYU,8/20/2017,1014,31.5,24.6,28.05,93,11,5,6,27.4,,,,,,,,,,
KYAUKPHYU,8/21/2017,1012,31.5,27,29.25,85,11,2,3,25.9,,,,,,,,,,
KYAUKPHYU,8/22/2017,1011.5,30,25,27.5,85,11,3,2,25.9,,,,,,,,,,
KYAUKPHYU,8/23/2017,1013.3,32,24.5,28.25,93,11,6,24,27.4,,,,,,,,,,
KYAUKPHYU,8/24/2017,1012,31.5,25.5,28.5,84,11,2,6,25,,,,,,,,,,
KYAUKPHYU,8/25/2017,1011.7,30,25.3,27.65,93,11,3,12,27.4,,,,,,,,,,
KYAUKPHYU,8/26/2017,1011.8,29,25,27,100,0,0,171,25.2,,,,,,,,,,
KYAUKPHYU,8/27/2017,1010.3,31.6,24,27.8,92,11,2,17,25.6,,,,,,,,,,
KYAUKPHYU,8/28/2017,1012.8,32,24.5,28.25,93,11,5,3,26.8,,,,,,,,,,
KYAUKPHYU,8/29/2017,1015.5,31,25.5,28.25,85,11,4,5,26,,,,,,,,,,
KYAUKPHYU,8/30/2017,1014,31,25,28,100,0,0,57,26,,,,,,,,,,
KYAUKPHYU,8/31/2017,1015,29.4,24.5,26.95,100,11,2,60,26,,,,,,,,,,
KYAUKPHYU,9/1/2017,1015,30,24.2,27.1,96,11,5,22,27.7,,,,,,,,,,
KYAUKPHYU,9/2/2017,1014.5,31,24.5,27.75,100,11,2,20,27,,,,,,,,,,
KYAUKPHYU,9/3/2017,1014.2,31,25.2,28.1,100,11,2,14,27,,,,,,,,,,
KYAUKPHYU,9/4/2017,1014.8,31,25,28,93,11,2,5,27.4,,,,,,,,,,
KYAUKPHYU,9/5/2017,1015,31,26.2,28.6,96,0,0,10,26.3,,,,,,,,,,
KYAUKPHYU,9/6/2017,1016,31,24.6,27.8,95,11,2,18,27.5,,,,,,,,,,
KYAUKPHYU,9/7/2017,1016,30.5,25.5,28,100,15,5,25,26.5,,,,,,,,,,
KYAUKPHYU,9/8/2017,1015,31.5,25,28.25,97,0,0,8,26,,,,,,,,,,
KYAUKPHYU,9/9/2017,1016.4,31.5,26,28.75,96,15,2,2,26.5,,,,,,,,,,
KYAUKPHYU,9/10/2017,1015.5,31.7,24.7,28.2,100,0,0,9,25.6,,,,,,,,,,
KYAUKPHYU,9/11/2017,1017,31.5,25.8,28.65,79,15,2,0,24.8,,,,,,,,,,
KYAUKPHYU,9/12/2017,1019.2,30,24.3,27.15,97,11,3,80,26.5,,,,,,,,,,
KYAUKPHYU,9/13/2017,1018.5,32,24,28,93,11,6,12,27.4,,,,,,,,,,
KYAUKPHYU,9/14/2017,1016,31,25.3,28.15,85,15,3,0,25.9,,,,,,,,,,
KYAUKPHYU,9/15/2017,1014,32,25.5,28.75,85,0,0,0,26.6,,,,,,,,,,
KYAUKPHYU,9/16/2017,1011,33.7,26,29.85,85,15,3,2,26.6,,,,,,,,,,
KYAUKPHYU,9/17/2017,1013.2,30,24.4,27.2,93,7,4,31,26.8,,,,,,,,,,
KYAUKPHYU,9/18/2017,1012,30,24.3,27.15,92,7,4,118,25.6,,,,,,,,,,
KYAUKPHYU,9/19/2017,1014,29,25.3,27.15,84,11,8,45,25.6,,,,,,,,,,
KYAUKPHYU,9/20/2017,1015.5,29,24.5,26.75,100,11,2,54,26,,,,,,,,,,
KYAUKPHYU,9/21/2017,1016,31.7,24.5,28.1,97,0,0,23,27,,,,,,,,,,
KYAUKPHYU,9/22/2017,1015,32.3,26,29.15,93,15,2,0,28.2,,,,,,,,,,
KYAUKPHYU,9/23/2017,1016,33.2,25.5,29.35,85,15,4,3,26.6,,,,,,,,,,
KYAUKPHYU,9/24/2017,1015,32.5,25,28.75,85,15,2,7,26.6,,,,,,,,,,
KYAUKPHYU,9/25/2017,1014,32.5,26.3,29.4,93,11,4,0,28.2,,,,,,,,,,
KYAUKPHYU,9/26/2017,1014.5,32.5,26.5,29.5,85,15,2,0,26.6,,,,,,,,,,
KYAUKPHYU,9/27/2017,1015,33,26.3,29.65,85,13,3,3,26.6,,,,,,,,,,
KYAUKPHYU,9/28/2017,1015,29,24.5,26.75,100,11,6,86,25.8,,,,,,,,,,
KYAUKPHYU,9/29/2017,1016.8,30.5,24.5,27.5,98,11,3,74,26.4,,,,,,,,,,
KYAUKPHYU,9/30/2017,1018,31.5,25,28.25,93,11,2,0,27.4,,,,,,,,,,
KYAUKPHYU,10/1/2017,1017.6,32.4,25.5,28.95,93,15,2,0,28.2,,,,,,,,,,
KYAUKPHYU,10/2/2017,1015.4,32,23,27.5,93,15,4,105,26.8,,,,,,,,,,
KYAUKPHYU,10/3/2017,1015.8,31.5,24,27.75,93,15,6,45,26.8,,,,,,,,,,
KYAUKPHYU,10/4/2017,1015,33.5,25.5,29.5,85,3,4,2,25.9,,,,,,,,,,
KYAUKPHYU,10/5/2017,1015.5,32.5,24,28.25,92,17,2,24,25.6,,,,,,,,,,
KYAUKPHYU,10/6/2017,1016.4,29.5,23.6,26.55,96,11,4,10,26.8,,,,,,,,,,
KYAUKPHYU,10/7/2017,1017.5,31,24,27.5,93,9,4,17,26.8,,,,,,,,,,
KYAUKPHYU,10/8/2017,1016,30.5,25.5,28,93,11,3,0,27.4,,,,,,,,,,
KYAUKPHYU,10/9/2017,1016,32.5,25.5,29,85,11,4,14,26.6,,,,,,,,,,
KYAUKPHYU,10/10/2017,1014,32.5,25.6,29.05,85,15,4,0,25.9,,,,,,,,,,
KYAUKPHYU,10/11/2017,1013.4,32.5,26.5,29.5,93,15,2,0,28.2,,,,,,,,,,
KYAUKPHYU,10/12/2017,1016,29.5,25,27.25,84,0,0,4,25,,,,,,,,,,
KYAUKPHYU,10/13/2017,1014.5,32.5,26,29.25,85,3,2,0,25.9,,,,,,,,,,
KYAUKPHYU,10/14/2017,1015,32,25.5,28.75,85,15,4,0,26.6,,,,,,,,,,
KYAUKPHYU,10/15/2017,1014,32.6,25.8,29.2,85,15,4,0,28.2,,,,,,,,,,
KYAUKPHYU,10/16/2017,1013.5,34,25,29.5,85,15,4,6,26.6,,,,,,,,,,
KYAUKPHYU,10/17/2017,1014,33.6,26.3,29.95,83,11,5,0,28.2,,,,,,,,,,
KYAUKPHYU,10/18/2017,1016.5,31,26,28.5,78,11,7,0,26.7,,,,,,,,,,
KYAUKPHYU,10/19/2017,1017,31.5,25,28.25,79,7,6,7,25.3,,,,,,,,,,
KYAUKPHYU,10/20/2017,1018.5,31,24.8,27.9,84,11,4,7,24,,,,,,,,,,
KYAUKPHYU,10/21/2017,1017.8,32.5,25,28.75,93,11,3,7,27.4,,,,,,,,,,
KYAUKPHYU,10/22/2017,1017,30,23,26.5,100,11,2,38,24,,,,,,,,,,
KYAUKPHYU,10/23/2017,1016.8,30.6,25.2,27.9,93,15,4,6,26.8,,,,,,,,,,
KYAUKPHYU,10/24/2017,1019.8,31.6,24,27.8,84,15,3,0,25,,,,,,,,,,
KYAUKPHYU,10/25/2017,1021.5,32,25,28.5,85,3,3,0,25.9,,,,,,,,,,
KYAUKPHYU,10/26/2017,1021,32,24.5,28.25,85,15,2,0,25.9,,,,,,,,,,
KYAUKPHYU,10/27/2017,1020.3,32.5,24,28.25,85,15,3,0,25.9,,,,,,,,,,
KYAUKPHYU,10/28/2017,1019.5,33,25,29,85,3,2,0,25.9,,,,,,,,,,
KYAUKPHYU,10/29/2017,1020.6,32,24.6,28.3,84,3,2,12,25,,,,,,,,,,
KYAUKPHYU,10/30/2017,1021.5,30,23.5,26.75,77,15,5,0,23.3,,,,,,,,,,
KYAUKPHYU,10/31/2017,1020,28.5,23,25.75,77,3,4,0,22.6,,,,,,,,,,
KYAUKPHYU,11/1/2017,1020.4,30.5,23.5,27,77,15,4,0,22.6,,,,,,,,,,
KYAUKPHYU,11/2/2017,1018.5,30,22,26,83,3,2,0,24,,,,,,,,,,
KYAUKPHYU,11/3/2017,1018.6,32.5,24,28.25,79,15,4,0,24.8,,,,,,,,,,
KYAUKPHYU,11/4/2017,1019,32.6,23.5,28.05,79,3,2,0,24.8,,,,,,,,,,
KYAUKPHYU,11/5/2017,1019.4,33,25,29,70,15,4,0,23,,,,,,,,,,
KYAUKPHYU,11/6/2017,1018.3,32.5,23.5,28,77,3,2,0,22.6,,,,,,,,,,
KYAUKPHYU,11/7/2017,1018.8,32,22.5,27.25,84,15,2,0,24,,,,,,,,,,
KYAUKPHYU,11/8/2017,1019,33,23,28,69,3,4,0,21.1,,,,,,,,,,
KYAUKPHYU,11/9/2017,1018,33,24.2,28.6,70,15,5,0,22,,,,,,,,,,
KYAUKPHYU,11/10/2017,1018,33.8,25,29.4,84,15,2,0,25,,,,,,,,,,
KYAUKPHYU,11/11/2017,1019.8,31,26,28.5,84,13,8,0,25,,,,,,,,,,
KYAUKPHYU,11/12/2017,1017,33.5,25,29.25,85,3,2,0,25.9,,,,,,,,,,
KYAUKPHYU,11/13/2017,1017,33.2,24.8,29,85,15,2,0,26.6,,,,,,,,,,
KYAUKPHYU,11/14/2017,1017.3,33.5,25,29.25,85,15,4,0,25.9,,,,,,,,,,
KYAUKPHYU,11/15/2017,1018.2,32,24.2,28.1,85,15,2,0,25.6,,,,,,,,,,
KYAUKPHYU,11/16/2017,1018,31.3,24.8,28.05,85,3,2,0,25.9,,,,,,,,,,
KYAUKPHYU,11/17/2017,1017.7,32.5,24.6,28.55,79,15,2,0,24.8,,,,,,,,,,
KYAUKPHYU,11/18/2017,1018,33.3,25.5,29.4,85,3,2,0,25.9,,,,,,,,,,
KYAUKPHYU,11/19/2017,1018,33,26,29.5,86,15,3,0,26.3,,,,,,,,,,
KYAUKPHYU,11/20/2017,1018.5,33.5,25.8,29.65,85,15,4,0,25.9,,,,,,,,,,
KYAUKPHYU,11/21/2017,1018.5,32.8,24.5,28.65,85,15,4,0,25.9,,,,,,,,,,
KYAUKPHYU,11/22/2017,1017,30.5,25.5,28,84,15,8,0,25,,,,,,,,,,
KYAUKPHYU,11/23/2017,1016,31,23.5,27.25,92,3,4,35,25.6,,,,,,,,,,
KYAUKPHYU,11/24/2017,1018.5,29.4,23.5,26.45,93,3,2,4,26.8,,,,,,,,,,
KYAUKPHYU,11/25/2017,1019.8,31.5,24,27.75,92,15,3,7,25.6,,,,,,,,,,
KYAUKPHYU,11/26/2017,1021.5,30.5,24.5,27.5,84,15,4,2,25,,,,,,,,,,
KYAUKPHYU,11/27/2017,1019,30,20.5,25.25,76,15,4,0,21.5,,,,,,,,,,
KYAUKPHYU,11/28/2017,1020,28.5,20,24.25,92,3,4,0,23.3,,,,,,,,,,
KYAUKPHYU,11/29/2017,1020.7,28.5,19.6,24.05,83,15,6,0,21.9,,,,,,,,,,
KYAUKPHYU,11/30/2017,1020,29,18,23.5,74,15,2,0,19.1,,,,,,,,,,
KYAUKPHYU,12/1/2017,1019.2,30,20.2,25.1,83,15,4,0,21.9,,,,,,,,,,
KYAUKPHYU,12/2/2017,1020.5,30.3,19,24.65,76,3,4,0,20.5,,,,,,,,,,
KYAUKPHYU,12/3/2017,1020.5,30,20,25,76,7,5,0,21.5,,,,,,,,,,
KYAUKPHYU,12/4/2017,1019.8,29.5,20,24.75,74,3,4,0,19.1,,,,,,,,,,
KYAUKPHYU,12/5/2017,1019.7,30,20,25,74,15,2,0,19.1,,,,,,,,,,
KYAUKPHYU,12/6/2017,1017.8,29.3,20.3,24.8,68,3,3,0,20.3,,,,,,,,,,
KYAUKPHYU,12/7/2017,1017,30,23.2,26.6,83,3,2,0,22.9,,,,,,,,,,
KYAUKPHYU,12/8/2017,1019,30.5,22.7,26.6,77,15,5,0,23.3,,,,,,,,,,
KYAUKPHYU,12/9/2017,1019.8,30,23,26.5,92,11,2,5,24.6,,,,,,,,,,
KYAUKPHYU,12/10/2017,1021,28.4,24,26.2,98,15,4,9,24.8,,,,,,,,,,
KYAUKPHYU,12/11/2017,1021,30,21.8,25.9,97,11,2,13,25,,,,,,,,,,
KYAUKPHYU,12/12/2017,1021.8,29.5,23.8,26.65,84,15,6,0,24,,,,,,,,,,
KYAUKPHYU,12/13/2017,1021.2,30,22.2,26.1,92,15,3,0,24,,,,,,,,,,
KYAUKPHYU,12/14/2017,1021.8,31.1,22.5,26.8,92,15,7,0,23.3,,,,,,,,,,
KYAUKPHYU,12/15/2017,1021.8,29.7,21.8,25.75,83,15,3,0,21.9,,,,,,,,,,
KYAUKPHYU,12/16/2017,1023,29.5,22,25.75,83,15,3,0,21.9,,,,,,,,,,
KYAUKPHYU,12/17/2017,1024,31,21.5,26.25,76,15,4,0,20.5,,,,,,,,,,
KYAUKPHYU,12/18/2017,1023,31,20,25.5,83,15,2,0,22.9,,,,,,,,,,
KYAUKPHYU,12/19/2017,1024,30.5,20.8,25.65,76,15,2,0,20.5,,,,,,,,,,
KYAUKPHYU,12/20/2017,1026,29.5,19,24.25,74,15,6,0,19.1,,,,,,,,,,
KYAUKPHYU,12/21/2017,1025,29.5,17.7,23.6,82,3,2,0,19.8,,,,,,,,,,
KYAUKPHYU,12/22/2017,1022.7,29,18.2,23.6,82,15,2,0,19.8,,,,,,,,,,
KYAUKPHYU,12/23/2017,1020,29,21,25,83,15,4,0,20.9,,,,,,,,,,
KYAUKPHYU,12/24/2017,1019.5,29.2,21.5,25.35,83,3,2,0,20.9,,,,,,,,,,
KYAUKPHYU,12/25/2017,1019,29,19,24,82,15,4,0,19.8,,,,,,,,,,
KYAUKPHYU,12/26/2017,1020.4,28.8,18.6,23.7,83,15,6,0,20.9,,,,,,,,,,
KYAUKPHYU,12/27/2017,1020.5,29.5,20.5,25,83,15,4,0,20.9,,,,,,,,,,
KYAUKPHYU,12/28/2017,1020.7,30.5,19.2,24.85,74,15,4,0,19.1,,,,,,,,,,
KYAUKPHYU,12/29/2017,1021,32.5,22.5,27.5,74,15,8,0,19.1,,,,,,,,,,
KYAUKPHYU,12/30/2017,1020.8,32,23,27.5,76,3,4,0,21.5,,,,,,,,,,
KYAUKPHYU,12/31/2017,1019.7,29.5,23.2,26.35,92,15,2,0,24.6,,,,,,,,,,
,,1005,23.5,12.5,19.25,54,0,0,0,13.9,,,,,,,,,,
,,1026,36.5,29.5,33,100,17,25,373,29.4,,Min,1005,23.5,12.5,54,0,0,0,13.9
,,,,,,,,,,,,Max,1025.5,36.5,28.5,100,17,23,373,29.4
,,,,,,,,,,,,Mean,1016.970725,31.29526676,23.26005472,85.75376197,9.26128591,2.833105335,14.33378933,24.49411765
,,,,,,,,,,,,S.Dev.,4.058530985,2.233831165,3.216436413,8.873150539,5.5030267,2.092798822,35.18581816,2.872980098
,,,,,,,,,,,,Var,16.47167376,4.990001673,10.3454632,78.73280049,30.28330286,4.37980691,1238.041799,8.254014646
,,,,,,,,,,,,Corr,-0.619838681,0.413083754,0.861642257,0.331454964,0.206687529,0.084315469,0.189449241,1
,,,,,,,,,,,,Min,1006,27,15.5,54,0,0,0,15.6
,,,,,,,,,,,,Max,1026,36.5,29.5,100,17,25,245,29.2
,,,,,,,,,,,,Mean,1017,31.17534247,23.30027397,86.39178082,10.54520548,3.594520548,15.9260274,24.58465753
,,,,,,,,,,,,S.Dev.,3.76942276,1.749487661,2.90742553,8.968586783,5.031000911,2.314924207,35.67973995,2.78696284
,,,,,,,,,,,,Var,14.20854795,3.060707074,8.453123213,80.43554888,25.31097016,5.358874085,1273.043843,7.767161869
,,,,,,,,,,,,Corr,-0.624489325,0.375490357,0.839298883,0.457063936,0.16160507,0.018527532,0.229951962,1
